db_image,db_pose_x,db_pose_y,q_image,q_pose_x,q_pose_y,dbNum,qNum,thres,sqthres
/home/ma/git/learning/netvlad_templated/data/Sthereo/KAIST/morning/image/stereo_left_color/1630106835306123587.png,987588.3944319494,1818163.291109105,/home/ma/git/learning/netvlad_templated/data/Sthereo/KAIST/evening/image/stereo_left_color/1630080504472862985.png,987489.3108152776,1818460.920683295,300.0,300.0,6.0,36.0
/home/ma/git/learning/netvlad_templated/data/Sthereo/KAIST/morning/image/stereo_left_color/1630106855799658555.png,987587.5484984479,1818163.8614441506,/home/ma/git/learning/netvlad_templated/data/Sthereo/KAIST/evening/image/stereo_left_color/1630080226661976492.png,987715.0257928607,1819027.5614649933,,,,
/home/ma/git/learning/netvlad_templated/data/Sthereo/KAIST/morning/image/stereo_left_color/1630106856599195318.png,987586.7437017052,1818164.5213021708,/home/ma/git/learning/netvlad_templated/data/Sthereo/KAIST/evening/image/stereo_left_color/1630080343827038371.png,988118.4831649216,1818521.6078876592,,,,
/home/ma/git/learning/netvlad_templated/data/Sthereo/KAIST/morning/image/stereo_left_color/1630106857299257837.png,987586.0415183258,1818165.3198364787,/home/ma/git/learning/netvlad_templated/data/Sthereo/KAIST/evening/image/stereo_left_color/1630080176277924479.png,987767.9060555892,1818771.273823178,,,,
/home/ma/git/learning/netvlad_templated/data/Sthereo/KAIST/morning/image/stereo_left_color/1630106857798890467.png,987585.5265544755,1818166.1807725586,/home/ma/git/learning/netvlad_templated/data/Sthereo/KAIST/evening/image/stereo_left_color/1630080162982572092.png,987819.4334396926,1818672.875706831,,,,
/home/ma/git/learning/netvlad_templated/data/Sthereo/KAIST/morning/image/stereo_left_color/1630106858399038307.png,987585.1536838061,1818167.1790468888,/home/ma/git/learning/netvlad_templated/data/Sthereo/KAIST/evening/image/stereo_left_color/1630080034624385972.png,988428.0215651455,1818732.1661522915,,,,
/home/ma/git/learning/netvlad_templated/data/Sthereo/KAIST/morning/image/stereo_left_color/1630106859098612477.png,987584.9607843556,1818168.2338921966,/home/ma/git/learning/netvlad_templated/data/Sthereo/KAIST/evening/image/stereo_left_color/1630080284643371161.png,988000.0560704418,1818789.2717555047,,,,
/home/ma/git/learning/netvlad_templated/data/Sthereo/KAIST/morning/image/stereo_left_color/1630106859697837145.png,987584.9725082293,1818169.31348815,/home/ma/git/learning/netvlad_templated/data/Sthereo/KAIST/evening/image/stereo_left_color/1630080326929940893.png,988077.2495655213,1818608.85590918,,,,
/home/ma/git/learning/netvlad_templated/data/Sthereo/KAIST/morning/image/stereo_left_color/1630106860198030799.png,987585.1244769947,1818170.3477778283,/home/ma/git/learning/netvlad_templated/data/Sthereo/KAIST/evening/image/stereo_left_color/1630080393208798766.png,987820.7193424435,1818335.252524222,,,,
/home/ma/git/learning/netvlad_templated/data/Sthereo/KAIST/morning/image/stereo_left_color/1630106860597814962.png,987585.3798189149,1818171.325137501,/home/ma/git/learning/netvlad_templated/data/Sthereo/KAIST/evening/image/stereo_left_color/1630080133392013585.png,987944.9801474499,1818464.380292694,,,,
/home/ma/git/learning/netvlad_templated/data/Sthereo/KAIST/morning/image/stereo_left_color/1630106861097414211.png,987585.6874312595,1818172.3649356344,/home/ma/git/learning/netvlad_templated/data/Sthereo/KAIST/evening/image/stereo_left_color/1630080422300353146.png,987648.4157403201,1818202.4230975118,,,,
/home/ma/git/learning/netvlad_templated/data/Sthereo/KAIST/morning/image/stereo_left_color/1630106861497557368.png,987586.0526192897,1818173.364717711,/home/ma/git/learning/netvlad_templated/data/Sthereo/KAIST/evening/image/stereo_left_color/1630080319032398784.png,988043.0699857431,1818664.293292099,,,,
/home/ma/git/learning/netvlad_templated/data/Sthereo/KAIST/morning/image/stereo_left_color/1630106861798231095.png,987586.4356441628,1818174.3178988977,/home/ma/git/learning/netvlad_templated/data/Sthereo/KAIST/evening/image/stereo_left_color/1630080061215049359.png,988289.8777314519,1818756.2049120108,,,,
/home/ma/git/learning/netvlad_templated/data/Sthereo/KAIST/morning/image/stereo_left_color/1630106862198096785.png,987586.9165736703,1818175.367189949,/home/ma/git/learning/netvlad_templated/data/Sthereo/KAIST/evening/image/stereo_left_color/1630079526586281979.png,987462.9356689034,1818360.157814046,,,,
/home/ma/git/learning/netvlad_templated/data/Sthereo/KAIST/morning/image/stereo_left_color/1630106862498594020.png,987587.3789081438,1818176.3602867366,/home/ma/git/learning/netvlad_templated/data/Sthereo/KAIST/evening/image/stereo_left_color/1630079562475706576.png,987345.9514194203,1818581.1774150745,,,,
/home/ma/git/learning/netvlad_templated/data/Sthereo/KAIST/morning/image/stereo_left_color/1630106862797492728.png,987587.8074509607,1818177.2658910567,/home/ma/git/learning/netvlad_templated/data/Sthereo/KAIST/evening/image/stereo_left_color/1630079636952646747.png,987250.7136631857,1819038.6189669138,,,,
/home/ma/git/learning/netvlad_templated/data/Sthereo/KAIST/morning/image/stereo_left_color/1630106862997557110.png,987588.2535308623,1818178.2164569877,/home/ma/git/learning/netvlad_templated/data/Sthereo/KAIST/evening/image/stereo_left_color/1630079601961918850.png,987209.1418637004,1818853.3600221658,,,,
/home/ma/git/learning/netvlad_templated/data/Sthereo/KAIST/morning/image/stereo_left_color/1630106863197536487.png,987588.7188598455,1818179.2071957663,/home/ma/git/learning/netvlad_templated/data/Sthereo/KAIST/evening/image/stereo_left_color/1630079713326858359.png,987447.121908565,1819258.037183002,,,,
/home/ma/git/learning/netvlad_templated/data/Sthereo/KAIST/morning/image/stereo_left_color/1630106863497026803.png,987589.2050469673,1818180.245952841,/home/ma/git/learning/netvlad_templated/data/Sthereo/KAIST/evening/image/stereo_left_color/1630079595664373703.png,987226.5767925093,1818808.355106085,,,,
/home/ma/git/learning/netvlad_templated/data/Sthereo/KAIST/morning/image/stereo_left_color/1630106863796993462.png,987573.0798725934,1818174.4599651077,/home/ma/git/learning/netvlad_templated/data/Sthereo/KAIST/evening/image/stereo_left_color/1630079800998312976.png,987941.5130664182,1819369.2108115694,,,,
/home/ma/git/learning/netvlad_templated/data/Sthereo/KAIST/morning/image/stereo_left_color/1630106863997138634.png,987572.3588152786,1818175.4474919327,/home/ma/git/learning/netvlad_templated/data/Sthereo/KAIST/evening/image/stereo_left_color/1630080086906957459.png,988258.2522882014,1818614.9975887246,,,,
/home/ma/git/learning/netvlad_templated/data/Sthereo/KAIST/morning/image/stereo_left_color/1630106864200445012.png,987571.7635067259,1818176.2687045948,/home/ma/git/learning/netvlad_templated/data/Sthereo/KAIST/evening/image/stereo_left_color/1630080547362751251.png,987666.3644006898,1818329.5147520865,,,,
/home/ma/git/learning/netvlad_templated/data/Sthereo/KAIST/morning/image/stereo_left_color/1630106864396779807.png,987571.1463756984,1818177.1092570229,/home/ma/git/learning/netvlad_templated/data/Sthereo/KAIST/evening/image/stereo_left_color/1630080285643278667.png,988005.7038645654,1818786.3964309252,,,,
/home/ma/git/learning/netvlad_templated/data/Sthereo/KAIST/morning/image/stereo_left_color/1630106864596805090.png,987570.5138815091,1818177.9766105385,/home/ma/git/learning/netvlad_templated/data/Sthereo/KAIST/evening/image/stereo_left_color/1630079516589607115.png,987494.9237686183,1818299.8195526572,,,,
/home/ma/git/learning/netvlad_templated/data/Sthereo/KAIST/morning/image/stereo_left_color/1630106864796638279.png,987569.8785924506,1818178.8598411353,/home/ma/git/learning/netvlad_templated/data/Sthereo/KAIST/evening/image/stereo_left_color/1630079618256980544.png,987205.6440400592,1818960.786809573,,,,
/home/ma/git/learning/netvlad_templated/data/Sthereo/KAIST/morning/image/stereo_left_color/1630106864996647225.png,987569.2338646181,1818179.7572390914,/home/ma/git/learning/netvlad_templated/data/Sthereo/KAIST/evening/image/stereo_left_color/1630080367017439554.png,987959.5156491454,1818461.6223751586,,,,
/home/ma/git/learning/netvlad_templated/data/Sthereo/KAIST/morning/image/stereo_left_color/1630106865196696548.png,987568.5784064265,1818180.670236064,/home/ma/git/learning/netvlad_templated/data/Sthereo/KAIST/evening/image/stereo_left_color/1630080205268609019.png,987619.826617869,1818950.0861461232,,,,
/home/ma/git/learning/netvlad_templated/data/Sthereo/KAIST/morning/image/stereo_left_color/1630106865396357260.png,987567.9273319641,1818181.598326642,/home/ma/git/learning/netvlad_templated/data/Sthereo/KAIST/evening/image/stereo_left_color/1630080196371493903.png,987667.4072524485,1818903.4815462788,,,,
/home/ma/git/learning/netvlad_templated/data/Sthereo/KAIST/morning/image/stereo_left_color/1630106865596465014.png,987567.2742062944,1818182.5441079268,/home/ma/git/learning/netvlad_templated/data/Sthereo/KAIST/evening/image/stereo_left_color/1630080288542144924.png,988023.5612007632,1818781.5614986685,,,,
/home/ma/git/learning/netvlad_templated/data/Sthereo/KAIST/morning/image/stereo_left_color/1630106865796643849.png,987566.6105317206,1818183.501286224,/home/ma/git/learning/netvlad_templated/data/Sthereo/KAIST/evening/image/stereo_left_color/1630079852282774249.png,988037.4621458162,1819181.6953861355,,,,
/home/ma/git/learning/netvlad_templated/data/Sthereo/KAIST/morning/image/stereo_left_color/1630106865996590195.png,987565.9455814866,1818184.4677350947,/home/ma/git/learning/netvlad_templated/data/Sthereo/KAIST/evening/image/stereo_left_color/1630080271147546555.png,987942.9456833489,1818871.5176445185,,,,
/home/ma/git/learning/netvlad_templated/data/Sthereo/KAIST/morning/image/stereo_left_color/1630106866196341101.png,987565.2731307279,1818185.4399317438,/home/ma/git/learning/netvlad_templated/data/Sthereo/KAIST/evening/image/stereo_left_color/1630080284343829887.png,987998.1912077148,1818790.5739631983,,,,
/home/ma/git/learning/netvlad_templated/data/Sthereo/KAIST/morning/image/stereo_left_color/1630106866396123511.png,987564.5907254275,1818186.4244574087,/home/ma/git/learning/netvlad_templated/data/Sthereo/KAIST/evening/image/stereo_left_color/1630080572751080802.png,987617.02418423,1818181.859392813,,,,
/home/ma/git/learning/netvlad_templated/data/Sthereo/KAIST/morning/image/stereo_left_color/1630106866596213057.png,987563.9165413799,1818187.428146447,/home/ma/git/learning/netvlad_templated/data/Sthereo/KAIST/evening/image/stereo_left_color/1630080241758748231.png,987798.9192401811,1819007.0688146218,,,,
/home/ma/git/learning/netvlad_templated/data/Sthereo/KAIST/morning/image/stereo_left_color/1630106866796225397.png,987563.2257186827,1818188.431987091,/home/ma/git/learning/netvlad_templated/data/Sthereo/KAIST/evening/image/stereo_left_color/1630079794900248163.png,987899.7756585419,1819369.490065618,,,,
/home/ma/git/learning/netvlad_templated/data/Sthereo/KAIST/morning/image/stereo_left_color/1630106866995977880.png,987562.5344376966,1818189.4501219257,/home/ma/git/learning/netvlad_templated/data/Sthereo/KAIST/evening/image/stereo_left_color/1630080428499187405.png,987611.489275064,1818178.545454053,,,,
/home/ma/git/learning/netvlad_templated/data/Sthereo/KAIST/morning/image/stereo_left_color/1630106867195838546.png,987561.8400407305,1818190.4654804838,/home/ma/git/learning/netvlad_templated/data/Sthereo/KAIST/evening/image/stereo_left_color/1630080324830580046.png,988069.0232828561,1818624.3329551404,,,,
/home/ma/git/learning/netvlad_templated/data/Sthereo/KAIST/morning/image/stereo_left_color/1630106867396198335.png,987561.1444315325,1818191.4942602469,/home/ma/git/learning/netvlad_templated/data/Sthereo/KAIST/evening/image/stereo_left_color/1630079622959135870.png,987206.0856364594,1818995.3425999829,,,,
/home/ma/git/learning/netvlad_templated/data/Sthereo/KAIST/morning/image/stereo_left_color/1630106867595732726.png,987560.4479563107,1818192.5227207527,/home/ma/git/learning/netvlad_templated/data/Sthereo/KAIST/evening/image/stereo_left_color/1630080308138739312.png,988012.7918440313,1818733.783376614,,,,
/home/ma/git/learning/netvlad_templated/data/Sthereo/KAIST/morning/image/stereo_left_color/1630106867795934871.png,987559.7456950961,1818193.56321255,/home/ma/git/learning/netvlad_templated/data/Sthereo/KAIST/evening/image/stereo_left_color/1630079790201756661.png,987869.3294281944,1819369.3855840962,,,,
/home/ma/git/learning/netvlad_templated/data/Sthereo/KAIST/morning/image/stereo_left_color/1630106867996390008.png,987559.0427933258,1818194.6066935805,/home/ma/git/learning/netvlad_templated/data/Sthereo/KAIST/evening/image/stereo_left_color/1630079495096681319.png,987542.5112075728,1818218.7632565328,,,,
/home/ma/git/learning/netvlad_templated/data/Sthereo/KAIST/morning/image/stereo_left_color/1630106868195936616.png,987558.3344230398,1818195.65963981,/home/ma/git/learning/netvlad_templated/data/Sthereo/KAIST/evening/image/stereo_left_color/1630080505272201768.png,987493.8840138984,1818463.9895061916,,,,
/home/ma/git/learning/netvlad_templated/data/Sthereo/KAIST/morning/image/stereo_left_color/1630106868395510764.png,987557.6235047751,1818196.716101582,/home/ma/git/learning/netvlad_templated/data/Sthereo/KAIST/evening/image/stereo_left_color/1630079890669877454.png,987786.3686994532,1819084.4244160133,,,,
/home/ma/git/learning/netvlad_templated/data/Sthereo/KAIST/morning/image/stereo_left_color/1630106868595509609.png,987556.9063158445,1818197.7881615034,/home/ma/git/learning/netvlad_templated/data/Sthereo/KAIST/evening/image/stereo_left_color/1630080156684651372.png,987844.0908498284,1818628.6479437666,,,,
/home/ma/git/learning/netvlad_templated/data/Sthereo/KAIST/morning/image/stereo_left_color/1630106868795674087.png,987556.1866939818,1818198.8601484622,/home/ma/git/learning/netvlad_templated/data/Sthereo/KAIST/evening/image/stereo_left_color/1630079902066394668.png,987766.9880329008,1819035.126201312,,,,
/home/ma/git/learning/netvlad_templated/data/Sthereo/KAIST/morning/image/stereo_left_color/1630106868995495158.png,987555.4564492814,1818199.94322642,/home/ma/git/learning/netvlad_templated/data/Sthereo/KAIST/evening/image/stereo_left_color/1630080425000791247.png,987631.3599590887,1818191.4185003217,,,,
/home/ma/git/learning/netvlad_templated/data/Sthereo/KAIST/morning/image/stereo_left_color/1630106869195264727.png,987554.7234719349,1818201.0137441962,/home/ma/git/learning/netvlad_templated/data/Sthereo/KAIST/evening/image/stereo_left_color/1630079856381413662.png,988012.8418180743,1819162.7636377327,,,,
/home/ma/git/learning/netvlad_templated/data/Sthereo/KAIST/morning/image/stereo_left_color/1630106869395154618.png,987554.000573363,1818202.083833748,/home/ma/git/learning/netvlad_templated/data/Sthereo/KAIST/evening/image/stereo_left_color/1630080537462263180.png,987648.4978157195,1818372.1661203033,,,,
/home/ma/git/learning/netvlad_templated/data/Sthereo/KAIST/morning/image/stereo_left_color/1630106869595094001.png,987553.2722258144,1818203.1346440294,/home/ma/git/learning/netvlad_templated/data/Sthereo/KAIST/evening/image/stereo_left_color/1630080271747531356.png,987945.5124237549,1818867.5814842717,,,,
/home/ma/git/learning/netvlad_templated/data/Sthereo/KAIST/morning/image/stereo_left_color/1630106869795304621.png,987552.5449496297,1818204.1755186107,/home/ma/git/learning/netvlad_templated/data/Sthereo/KAIST/evening/image/stereo_left_color/1630080158183953631.png,987836.9739036687,1818639.96539647,,,,
/home/ma/git/learning/netvlad_templated/data/Sthereo/KAIST/morning/image/stereo_left_color/1630106869995135031.png,987551.8272486951,1818205.2102165841,/home/ma/git/learning/netvlad_templated/data/Sthereo/KAIST/evening/image/stereo_left_color/1630080183975384891.png,987733.2919193583,1818823.9314429283,,,,
/home/ma/git/learning/netvlad_templated/data/Sthereo/KAIST/morning/image/stereo_left_color/1630106870194999189.png,987551.1087389594,1818206.2407251324,/home/ma/git/learning/netvlad_templated/data/Sthereo/KAIST/evening/image/stereo_left_color/1630080431397644845.png,987598.9577313785,1818170.0721829326,,,,
/home/ma/git/learning/netvlad_templated/data/Sthereo/KAIST/morning/image/stereo_left_color/1630106870395022869.png,987550.4030004429,1818207.2522919364,/home/ma/git/learning/netvlad_templated/data/Sthereo/KAIST/evening/image/stereo_left_color/1630079873175261248.png,987882.4958875556,1819150.903747583,,,,
/home/ma/git/learning/netvlad_templated/data/Sthereo/KAIST/morning/image/stereo_left_color/1630106870595510656.png,987549.7007753297,1818208.2539805172,/home/ma/git/learning/netvlad_templated/data/Sthereo/KAIST/evening/image/stereo_left_color/1630080515469719719.png,987560.9222243103,1818481.4656199322,,,,
/home/ma/git/learning/netvlad_templated/data/Sthereo/KAIST/morning/image/stereo_left_color/1630106870794875765.png,987549.0046723185,1818209.256882685,/home/ma/git/learning/netvlad_templated/data/Sthereo/KAIST/evening/image/stereo_left_color/1630079520688150554.png,987482.0949302055,1818324.0861224493,,,,
/home/ma/git/learning/netvlad_templated/data/Sthereo/KAIST/morning/image/stereo_left_color/1630106870995096521.png,987548.310155003,1818210.2463310522,/home/ma/git/learning/netvlad_templated/data/Sthereo/KAIST/evening/image/stereo_left_color/1630080316633492866.png,988030.847187455,1818682.0696477063,,,,
/home/ma/git/learning/netvlad_templated/data/Sthereo/KAIST/morning/image/stereo_left_color/1630106871196604864.png,987547.6337558744,1818211.2330800882,/home/ma/git/learning/netvlad_templated/data/Sthereo/KAIST/evening/image/stereo_left_color/1630079631953576593.png,987221.3626823443,1819038.3363203795,,,,
/home/ma/git/learning/netvlad_templated/data/Sthereo/KAIST/morning/image/stereo_left_color/1630106871395300083.png,987546.9498583733,1818212.1928636564,/home/ma/git/learning/netvlad_templated/data/Sthereo/KAIST/evening/image/stereo_left_color/1630079504093590513.png,987521.9941655679,1818248.8888455846,,,,
/home/ma/git/learning/netvlad_templated/data/Sthereo/KAIST/morning/image/stereo_left_color/1630106871595010679.png,987546.2742280719,1818213.156405602,/home/ma/git/learning/netvlad_templated/data/Sthereo/KAIST/evening/image/stereo_left_color/1630079860979018959.png,987975.7773744387,1819153.1241919124,,,,
/home/ma/git/learning/netvlad_templated/data/Sthereo/KAIST/morning/image/stereo_left_color/1630106871795192078.png,987545.6092252518,1818214.119942237,/home/ma/git/learning/netvlad_templated/data/Sthereo/KAIST/evening/image/stereo_left_color/1630080132793077560.png,987947.3732871464,1818462.8015039277,,,,
/home/ma/git/learning/netvlad_templated/data/Sthereo/KAIST/morning/image/stereo_left_color/1630106871995023774.png,987544.9436796345,1818215.0647116245,/home/ma/git/learning/netvlad_templated/data/Sthereo/KAIST/evening/image/stereo_left_color/1630079516688996995.png,987494.631145719,1818300.3591878242,,,,
/home/ma/git/learning/netvlad_templated/data/Sthereo/KAIST/morning/image/stereo_left_color/1630106872195041087.png,987544.2936152312,1818216.009061607,/home/ma/git/learning/netvlad_templated/data/Sthereo/KAIST/evening/image/stereo_left_color/1630080152485555411.png,987861.8020365027,1818594.4385309343,,,,
/home/ma/git/learning/netvlad_templated/data/Sthereo/KAIST/morning/image/stereo_left_color/1630106872395035200.png,987543.6456524621,1818216.9468730544,/home/ma/git/learning/netvlad_templated/data/Sthereo/KAIST/evening/image/stereo_left_color/1630080323430923945.png,988063.0993388256,1818633.8787180684,,,,
/home/ma/git/learning/netvlad_templated/data/Sthereo/KAIST/morning/image/stereo_left_color/1630106872594939589.png,987543.0001941551,1818217.8421377237,/home/ma/git/learning/netvlad_templated/data/Sthereo/KAIST/evening/image/stereo_left_color/1630080382914426884.png,987885.0772826142,1818382.1520888172,,,,
/home/ma/git/learning/netvlad_templated/data/Sthereo/KAIST/morning/image/stereo_left_color/1630106872794789527.png,987542.3768335249,1818218.7383499707,/home/ma/git/learning/netvlad_templated/data/Sthereo/KAIST/evening/image/stereo_left_color/1630079874975147203.png,987869.6403957064,1819146.9686209117,,,,
/home/ma/git/learning/netvlad_templated/data/Sthereo/KAIST/morning/image/stereo_left_color/1630106872995008122.png,987541.7592801285,1818219.6084915316,/home/ma/git/learning/netvlad_templated/data/Sthereo/KAIST/evening/image/stereo_left_color/1630080393508876666.png,987818.9608891327,1818334.0827624504,,,,
/home/ma/git/learning/netvlad_templated/data/Sthereo/KAIST/morning/image/stereo_left_color/1630106873194683177.png,987541.1478292143,1818220.4625705134,/home/ma/git/learning/netvlad_templated/data/Sthereo/KAIST/evening/image/stereo_left_color/1630080382112621668.png,987888.5941920831,1818387.045510089,,,,
/home/ma/git/learning/netvlad_templated/data/Sthereo/KAIST/morning/image/stereo_left_color/1630106873394588668.png,987540.5721432213,1818221.310478279,/home/ma/git/learning/netvlad_templated/data/Sthereo/KAIST/evening/image/stereo_left_color/1630080149886705119.png,987872.8569966847,1818574.0825413126,,,,
/home/ma/git/learning/netvlad_templated/data/Sthereo/KAIST/morning/image/stereo_left_color/1630106873594408436.png,987539.86270373,1818222.3319045638,/home/ma/git/learning/netvlad_templated/data/Sthereo/KAIST/evening/image/stereo_left_color/1630079600565250887.png,987211.7073106252,1818842.299868501,,,,
/home/ma/git/learning/netvlad_templated/data/Sthereo/KAIST/morning/image/stereo_left_color/1630106873894242068.png,987539.1644355382,1818223.3441159655,/home/ma/git/learning/netvlad_templated/data/Sthereo/KAIST/evening/image/stereo_left_color/1630080259551895050.png,987915.5002941227,1818945.0777242878,,,,
/home/ma/git/learning/netvlad_templated/data/Sthereo/KAIST/morning/image/stereo_left_color/1630106874193886051.png,987538.4794480413,1818224.349785999,/home/ma/git/learning/netvlad_templated/data/Sthereo/KAIST/evening/image/stereo_left_color/1630080563953757639.png,987671.2833367062,1818219.2976659928,,,,
/home/ma/git/learning/netvlad_templated/data/Sthereo/KAIST/morning/image/stereo_left_color/1630106874393762308.png,987537.8056261179,1818225.341045543,/home/ma/git/learning/netvlad_templated/data/Sthereo/KAIST/evening/image/stereo_left_color/1630080216865079178.png,987666.4337917686,1818995.4776256944,,,,
/home/ma/git/learning/netvlad_templated/data/Sthereo/KAIST/morning/image/stereo_left_color/1630106874593917677.png,987537.1488552872,1818226.2486349712,/home/ma/git/learning/netvlad_templated/data/Sthereo/KAIST/evening/image/stereo_left_color/1630079656249705829.png,987362.9047134138,1819054.3728688532,,,,
/home/ma/git/learning/netvlad_templated/data/Sthereo/KAIST/morning/image/stereo_left_color/1630106874893345912.png,987536.4593800408,1818227.2518846686,/home/ma/git/learning/netvlad_templated/data/Sthereo/KAIST/evening/image/stereo_left_color/1630080576350059189.png,987600.1329585775,1818170.7951120157,,,,
/home/ma/git/learning/netvlad_templated/data/Sthereo/KAIST/morning/image/stereo_left_color/1630106875093536556.png,987535.8978102928,1818228.0817851715,/home/ma/git/learning/netvlad_templated/data/Sthereo/KAIST/evening/image/stereo_left_color/1630080361118842380.png,987998.114495487,1818474.55734758,,,,
/home/ma/git/learning/netvlad_templated/data/Sthereo/KAIST/morning/image/stereo_left_color/1630106875293930923.png,987535.2302825525,1818229.0012301588,/home/ma/git/learning/netvlad_templated/data/Sthereo/KAIST/evening/image/stereo_left_color/1630079715626131348.png,987466.7413873245,1819257.9205127575,,,,
/home/ma/git/learning/netvlad_templated/data/Sthereo/KAIST/morning/image/stereo_left_color/1630106875593536286.png,987534.574179024,1818229.9555060957,/home/ma/git/learning/netvlad_templated/data/Sthereo/KAIST/evening/image/stereo_left_color/1630079681537136622.png,987306.775520586,1819185.6367100729,,,,
/home/ma/git/learning/netvlad_templated/data/Sthereo/KAIST/morning/image/stereo_left_color/1630106875893082200.png,987533.8945199021,1818230.9656589439,/home/ma/git/learning/netvlad_templated/data/Sthereo/KAIST/evening/image/stereo_left_color/1630080113997979828.png,988075.664952225,1818494.431296217,,,,
/home/ma/git/learning/netvlad_templated/data/Sthereo/KAIST/morning/image/stereo_left_color/1630106876093166228.png,987533.2001665714,1818231.9469899158,/home/ma/git/learning/netvlad_templated/data/Sthereo/KAIST/evening/image/stereo_left_color/1630080564157780363.png,987669.5380358233,1818217.6412478418,,,,
/home/ma/git/learning/netvlad_templated/data/Sthereo/KAIST/morning/image/stereo_left_color/1630106876393103336.png,987532.5056099583,1818232.979354455,/home/ma/git/learning/netvlad_templated/data/Sthereo/KAIST/evening/image/stereo_left_color/1630080207267984803.png,987616.4510357601,1818957.7329981686,,,,
/home/ma/git/learning/netvlad_templated/data/Sthereo/KAIST/morning/image/stereo_left_color/1630106876593044154.png,987531.7856966583,1818234.006354892,/home/ma/git/learning/netvlad_templated/data/Sthereo/KAIST/evening/image/stereo_left_color/1630080243956364261.png,987815.7541432943,1818992.9378455272,,,,
/home/ma/git/learning/netvlad_templated/data/Sthereo/KAIST/morning/image/stereo_left_color/1630106876793009512.png,987531.2208856473,1818234.8412563433,/home/ma/git/learning/netvlad_templated/data/Sthereo/KAIST/evening/image/stereo_left_color/1630080387910940293.png,987855.4318457583,1818357.685099123,,,,
/home/ma/git/learning/netvlad_templated/data/Sthereo/KAIST/morning/image/stereo_left_color/1630106876993083716.png,987530.6301802405,1818235.687975236,/home/ma/git/learning/netvlad_templated/data/Sthereo/KAIST/evening/image/stereo_left_color/1630080578849226544.png,987592.5455787064,1818165.919124644,,,,
/home/ma/git/learning/netvlad_templated/data/Sthereo/KAIST/morning/image/stereo_left_color/1630106877192936978.png,987530.0386420361,1818236.5611093452,/home/ma/git/learning/netvlad_templated/data/Sthereo/KAIST/evening/image/stereo_left_color/1630079640753061743.png,987273.4454406747,1819038.9087812568,,,,
/home/ma/git/learning/netvlad_templated/data/Sthereo/KAIST/morning/image/stereo_left_color/1630106877392990126.png,987529.4251492036,1818237.4377094018,/home/ma/git/learning/netvlad_templated/data/Sthereo/KAIST/evening/image/stereo_left_color/1630079518188632147.png,987490.128753081,1818308.7042237588,,,,
/home/ma/git/learning/netvlad_templated/data/Sthereo/KAIST/morning/image/stereo_left_color/1630106877592821296.png,987528.8055506145,1818238.3341179942,/home/ma/git/learning/netvlad_templated/data/Sthereo/KAIST/evening/image/stereo_left_color/1630080216665479937.png,987665.477138374,1818994.8404116337,,,,
/home/ma/git/learning/netvlad_templated/data/Sthereo/KAIST/morning/image/stereo_left_color/1630106877792786657.png,987528.1734069554,1818239.2386997943,/home/ma/git/learning/netvlad_templated/data/Sthereo/KAIST/evening/image/stereo_left_color/1630079974443051265.png,988209.3211799263,1818872.5243424189,,,,
/home/ma/git/learning/netvlad_templated/data/Sthereo/KAIST/morning/image/stereo_left_color/1630106877992748704.png,987527.5349260729,1818240.1754805106,/home/ma/git/learning/netvlad_templated/data/Sthereo/KAIST/evening/image/stereo_left_color/1630080400006351532.png,987767.3501209549,1818300.3391416294,,,,
/home/ma/git/learning/netvlad_templated/data/Sthereo/KAIST/morning/image/stereo_left_color/1630106878193830125.png,987526.8891310057,1818241.1159256422,/home/ma/git/learning/netvlad_templated/data/Sthereo/KAIST/evening/image/stereo_left_color/1630080020228121803.png,988479.3563529414,1818822.0141168449,,,,
/home/ma/git/learning/netvlad_templated/data/Sthereo/KAIST/morning/image/stereo_left_color/1630106878393283561.png,987526.2414202549,1818242.0839589052,/home/ma/git/learning/netvlad_templated/data/Sthereo/KAIST/evening/image/stereo_left_color/1630079897970790448.png,987755.5402833401,1819058.682454143,,,,
/home/ma/git/learning/netvlad_templated/data/Sthereo/KAIST/morning/image/stereo_left_color/1630106878593364730.png,987525.5874488113,1818243.065757882,/home/ma/git/learning/netvlad_templated/data/Sthereo/KAIST/evening/image/stereo_left_color/1630079721423711325.png,987504.5712605381,1819257.3138521118,,,,
/home/ma/git/learning/netvlad_templated/data/Sthereo/KAIST/morning/image/stereo_left_color/1630106878793125034.png,987524.9439477237,1818244.066718042,/home/ma/git/learning/netvlad_templated/data/Sthereo/KAIST/evening/image/stereo_left_color/1630080251554017950.png,987875.8589066934,1818961.6005283273,,,,
/home/ma/git/learning/netvlad_templated/data/Sthereo/KAIST/morning/image/stereo_left_color/1630106878993149250.png,987524.3043046448,1818245.0889276408,/home/ma/git/learning/netvlad_templated/data/Sthereo/KAIST/evening/image/stereo_left_color/1630080329229406453.png,988088.0769524681,1818591.757358291,,,,
/home/ma/git/learning/netvlad_templated/data/Sthereo/KAIST/morning/image/stereo_left_color/1630106879193252027.png,987523.6651820852,1818246.1260489533,/home/ma/git/learning/netvlad_templated/data/Sthereo/KAIST/evening/image/stereo_left_color/1630080564354083176.png,987668.6455584142,1818216.8366931798,,,,
/home/ma/git/learning/netvlad_templated/data/Sthereo/KAIST/morning/image/stereo_left_color/1630106879393370804.png,987523.0300021849,1818247.1542508833,/home/ma/git/learning/netvlad_templated/data/Sthereo/KAIST/evening/image/stereo_left_color/1630079951750594507.png,988120.1984745945,1818977.768285007,,,,
/home/ma/git/learning/netvlad_templated/data/Sthereo/KAIST/morning/image/stereo_left_color/1630106879593399985.png,987522.407531771,1818248.2151943198,/home/ma/git/learning/netvlad_templated/data/Sthereo/KAIST/evening/image/stereo_left_color/1630080287042760893.png,988014.2605543793,1818783.7876434072,,,,
/home/ma/git/learning/netvlad_templated/data/Sthereo/KAIST/morning/image/stereo_left_color/1630106879793263382.png,987521.7870117787,1818249.2717468878,/home/ma/git/learning/netvlad_templated/data/Sthereo/KAIST/evening/image/stereo_left_color/1630080219964142265.png,987683.6042407976,1819006.6680445117,,,,
/home/ma/git/learning/netvlad_templated/data/Sthereo/KAIST/morning/image/stereo_left_color/1630106879996976080.png,987521.1730130694,1818250.3301324912,/home/ma/git/learning/netvlad_templated/data/Sthereo/KAIST/evening/image/stereo_left_color/1630079939154524160.png,988039.9199281872,1818977.1257895743,,,,
/home/ma/git/learning/netvlad_templated/data/Sthereo/KAIST/morning/image/stereo_left_color/1630106880193207048.png,987520.585962671,1818251.401224142,/home/ma/git/learning/netvlad_templated/data/Sthereo/KAIST/evening/image/stereo_left_color/1630079992137513813.png,988328.5892941159,1818951.022056617,,,,
/home/ma/git/learning/netvlad_templated/data/Sthereo/KAIST/morning/image/stereo_left_color/1630106880393010702.png,987520.0010685611,1818252.4651260462,/home/ma/git/learning/netvlad_templated/data/Sthereo/KAIST/evening/image/stereo_left_color/1630079551677937363.png,987383.5013645412,1818510.1845068638,,,,
/home/ma/git/learning/netvlad_templated/data/Sthereo/KAIST/morning/image/stereo_left_color/1630106880592988491.png,987519.43474728,1818253.5318496055,/home/ma/git/learning/netvlad_templated/data/Sthereo/SNU/evening/image/stereo_left_color/1630503222155530014.png,952082.3813448239,1939583.4679200498,,,,
/home/ma/git/learning/netvlad_templated/data/Sthereo/KAIST/morning/image/stereo_left_color/1630106880792825457.png,987518.8690349439,1818254.5915198731,/home/ma/git/learning/netvlad_templated/data/Sthereo/SNU/evening/image/stereo_left_color/1630504226233333528.png,951795.6867047923,1940786.7848399817,,,,
/home/ma/git/learning/netvlad_templated/data/Sthereo/KAIST/morning/image/stereo_left_color/1630106880992966701.png,987518.3066682902,1818255.6401552055,/home/ma/git/learning/netvlad_templated/data/Sthereo/SNU/evening/image/stereo_left_color/1630504237829763929.png,951771.3239827871,1940823.1236920324,,,,
/home/ma/git/learning/netvlad_templated/data/Sthereo/KAIST/morning/image/stereo_left_color/1630106881193073482.png,987517.7516930454,1818256.6856219154,/home/ma/git/learning/netvlad_templated/data/Sthereo/SNU/evening/image/stereo_left_color/1630503622426819820.png,951547.1181864855,1939042.3724757605,,,,
/home/ma/git/learning/netvlad_templated/data/Sthereo/KAIST/morning/image/stereo_left_color/1630106881392823566.png,987517.2100570949,1818257.7229476157,/home/ma/git/learning/netvlad_templated/data/Sthereo/SNU/evening/image/stereo_left_color/1630503067105111900.png,951532.3650596646,1939375.2811367118,,,,
/home/ma/git/learning/netvlad_templated/data/Sthereo/KAIST/morning/image/stereo_left_color/1630106881592707582.png,987516.6686462925,1818258.7440461703,/home/ma/git/learning/netvlad_templated/data/Sthereo/SNU/evening/image/stereo_left_color/1630504075981519841.png,951957.3606905913,1940127.6858127061,,,,
/home/ma/git/learning/netvlad_templated/data/Sthereo/KAIST/morning/image/stereo_left_color/1630106881797128459.png,987516.1473064431,1818259.7468667442,/home/ma/git/learning/netvlad_templated/data/Sthereo/SNU/evening/image/stereo_left_color/1630503188966011028.png,951953.601697041,1939385.1549244379,,,,
/home/ma/git/learning/netvlad_templated/data/Sthereo/KAIST/morning/image/stereo_left_color/1630106881992603368.png,987515.6315728312,1818260.7317242133,/home/ma/git/learning/netvlad_templated/data/Sthereo/SNU/evening/image/stereo_left_color/1630503712798140929.png,951477.2151842486,1938625.6912948615,,,,
/home/ma/git/learning/netvlad_templated/data/Sthereo/KAIST/morning/image/stereo_left_color/1630106882192279417.png,987515.1200609844,1818261.6891744211,/home/ma/git/learning/netvlad_templated/data/Sthereo/SNU/evening/image/stereo_left_color/1630503478973428250.png,951746.692414387,1939479.7072472638,,,,
/home/ma/git/learning/netvlad_templated/data/Sthereo/KAIST/morning/image/stereo_left_color/1630106882391800612.png,987514.613473327,1818262.6309852276,/home/ma/git/learning/netvlad_templated/data/Sthereo/SNU/evening/image/stereo_left_color/1630503075102189928.png,951543.4399443206,1939327.63226482,,,,
/home/ma/git/learning/netvlad_templated/data/Sthereo/KAIST/morning/image/stereo_left_color/1630106882592167053.png,987514.1117931805,1818263.5660859155,/home/ma/git/learning/netvlad_templated/data/Sthereo/SNU/evening/image/stereo_left_color/1630503302129567681.png,952135.4331259893,1939932.6512663583,,,,
/home/ma/git/learning/netvlad_templated/data/Sthereo/KAIST/morning/image/stereo_left_color/1630106882792430219.png,987513.6008042666,1818264.4842023468,/home/ma/git/learning/netvlad_templated/data/Sthereo/SNU/evening/image/stereo_left_color/1630503885642732208.png,951820.4683755167,1939114.5888705843,,,,
/home/ma/git/learning/netvlad_templated/data/Sthereo/KAIST/morning/image/stereo_left_color/1630106882992659749.png,987513.1112934457,1818265.365795325,/home/ma/git/learning/netvlad_templated/data/Sthereo/SNU/evening/image/stereo_left_color/1630503216657307085.png,952060.7102938722,1939552.9166819234,,,,
/home/ma/git/learning/netvlad_templated/data/Sthereo/KAIST/morning/image/stereo_left_color/1630106883192729905.png,987512.6260317713,1818266.243870377,/home/ma/git/learning/netvlad_templated/data/Sthereo/SNU/evening/image/stereo_left_color/1630503110191269476.png,951658.3555333586,1939242.378950698,,,,
/home/ma/git/learning/netvlad_templated/data/Sthereo/KAIST/morning/image/stereo_left_color/1630106883392709670.png,987512.13959495,1818267.1789346954,/home/ma/git/learning/netvlad_templated/data/Sthereo/SNU/evening/image/stereo_left_color/1630503714697460870.png,951473.2224486234,1938615.2044555147,,,,
/home/ma/git/learning/netvlad_templated/data/Sthereo/KAIST/morning/image/stereo_left_color/1630106883596717035.png,987511.613747903,1818268.1537297517,/home/ma/git/learning/netvlad_templated/data/Sthereo/SNU/evening/image/stereo_left_color/1630503041812726624.png,951495.2795617661,1939529.408616863,,,,
/home/ma/git/learning/netvlad_templated/data/Sthereo/KAIST/morning/image/stereo_left_color/1630106883792527747.png,987511.0987994614,1818269.0574731925,/home/ma/git/learning/netvlad_templated/data/Sthereo/SNU/evening/image/stereo_left_color/1630504099874223594.png,951973.7004125096,1940284.2388870756,,,,
/home/ma/git/learning/netvlad_templated/data/Sthereo/KAIST/morning/image/stereo_left_color/1630106883992694964.png,987510.6292834217,1818269.9850313768,/home/ma/git/learning/netvlad_templated/data/Sthereo/SNU/evening/image/stereo_left_color/1630503048710838004.png,951502.905218158,1939493.6977337804,,,,
/home/ma/git/learning/netvlad_templated/data/Sthereo/KAIST/morning/image/stereo_left_color/1630106884192806518.png,987510.1302635322,1818270.9290399677,/home/ma/git/learning/netvlad_templated/data/Sthereo/SNU/evening/image/stereo_left_color/1630504271319129688.png,951682.8951879526,1940791.9658903175,,,,
/home/ma/git/learning/netvlad_templated/data/Sthereo/KAIST/morning/image/stereo_left_color/1630106884392484292.png,987509.5705036235,1818271.8973398414,/home/ma/git/learning/netvlad_templated/data/Sthereo/SNU/evening/image/stereo_left_color/1630503239651021262.png,952121.6609043168,1939699.8776841485,,,,
/home/ma/git/learning/netvlad_templated/data/Sthereo/KAIST/morning/image/stereo_left_color/1630106884592304655.png,987509.0539648142,1818272.9050034476,/home/ma/git/learning/netvlad_templated/data/Sthereo/SNU/evening/image/stereo_left_color/1630504357091804981.png,951515.0507033131,1940563.180232045,,,,
/home/ma/git/learning/netvlad_templated/data/Sthereo/KAIST/morning/image/stereo_left_color/1630106884792091301.png,987508.5087603735,1818273.9088662472,/home/ma/git/learning/netvlad_templated/data/Sthereo/SNU/evening/image/stereo_left_color/1630504406875612801.png,951455.740139465,1940316.0212907295,,,,
/home/ma/git/learning/netvlad_templated/data/Sthereo/KAIST/morning/image/stereo_left_color/1630106884992146509.png,987507.9495582312,1818274.93806187,/home/ma/git/learning/netvlad_templated/data/Sthereo/SNU/evening/image/stereo_left_color/1630504378384744099.png,951464.5866553971,1940486.6843155024,,,,
/home/ma/git/learning/netvlad_templated/data/Sthereo/KAIST/morning/image/stereo_left_color/1630106885191689194.png,987507.3944447467,1818275.9668844563,/home/ma/git/learning/netvlad_templated/data/Sthereo/SNU/evening/image/stereo_left_color/1630503295231676575.png,952148.0697096672,1939946.3654525897,,,,
/home/ma/git/learning/netvlad_templated/data/Sthereo/KAIST/morning/image/stereo_left_color/1630106885391976168.png,987506.8310869626,1818277.015583021,/home/ma/git/learning/netvlad_templated/data/Sthereo/SNU/evening/image/stereo_left_color/1630503389301403277.png,951835.9274382937,1939781.3199383102,,,,
/home/ma/git/learning/netvlad_templated/data/Sthereo/KAIST/morning/image/stereo_left_color/1630106885592339923.png,987506.263573007,1818278.0711237981,/home/ma/git/learning/netvlad_templated/data/Sthereo/SNU/evening/image/stereo_left_color/1630504223134206374.png,951801.4411382489,1940774.7540742692,,,,
/home/ma/git/learning/netvlad_templated/data/Sthereo/KAIST/morning/image/stereo_left_color/1630106885792897356.png,987505.6983916615,1818279.105582635,/home/ma/git/learning/netvlad_templated/data/Sthereo/SNU/evening/image/stereo_left_color/1630503958319233515.png,952058.5697326143,1939549.846946182,,,,
/home/ma/git/learning/netvlad_templated/data/Sthereo/KAIST/morning/image/stereo_left_color/1630106885992749221.png,987505.1252742796,1818280.1912559385,/home/ma/git/learning/netvlad_templated/data/Sthereo/SNU/evening/image/stereo_left_color/1630503628925406859.png,951538.9799205137,1939005.3953970978,,,,
/home/ma/git/learning/netvlad_templated/data/Sthereo/KAIST/morning/image/stereo_left_color/1630106886192812364.png,987504.5172820834,1818281.32680952,/home/ma/git/learning/netvlad_templated/data/Sthereo/SNU/evening/image/stereo_left_color/1630503820766702132.png,951719.3146806448,1938744.9403186627,,,,
/home/ma/git/learning/netvlad_templated/data/Sthereo/KAIST/morning/image/stereo_left_color/1630106886393688880.png,987503.9482673499,1818282.3944099073,/home/ma/git/learning/netvlad_templated/data/Sthereo/SNU/evening/image/stereo_left_color/1630503459278941404.png,951756.3131438221,1939545.27238266,,,,
/home/ma/git/learning/netvlad_templated/data/Sthereo/KAIST/morning/image/stereo_left_color/1630106886593543442.png,987503.3848684937,1818283.466197287,/home/ma/git/learning/netvlad_templated/data/Sthereo/SNU/evening/image/stereo_left_color/1630504068483956466.png,951979.8144666406,1940097.2671032434,,,,
/home/ma/git/learning/netvlad_templated/data/Sthereo/KAIST/morning/image/stereo_left_color/1630106886793382171.png,987502.7751653023,1818284.5882974672,/home/ma/git/learning/netvlad_templated/data/Sthereo/SNU/evening/image/stereo_left_color/1630503535754814118.png,951632.7065128799,1939396.1130926087,,,,
/home/ma/git/learning/netvlad_templated/data/Sthereo/KAIST/morning/image/stereo_left_color/1630106886993508675.png,987502.1822739677,1818285.7021561973,/home/ma/git/learning/netvlad_templated/data/Sthereo/SNU/evening/image/stereo_left_color/1630503082899595032.png,951555.7590399565,1939278.4522334163,,,,
/home/ma/git/learning/netvlad_templated/data/Sthereo/KAIST/morning/image/stereo_left_color/1630106887193269777.png,987501.5919056949,1818286.8297845586,/home/ma/git/learning/netvlad_templated/data/Sthereo/SNU/evening/image/stereo_left_color/1630503452780968060.png,951754.0322247866,1939570.295834421,,,,
/home/ma/git/learning/netvlad_templated/data/Sthereo/KAIST/morning/image/stereo_left_color/1630106887393711697.png,987500.9916081479,1818287.9542250186,/home/ma/git/learning/netvlad_templated/data/Sthereo/SNU/evening/image/stereo_left_color/1630504096874965228.png,951967.2259838353,1940262.3809934629,,,,
/home/ma/git/learning/netvlad_templated/data/Sthereo/KAIST/morning/image/stereo_left_color/1630106887593651153.png,987500.3844297085,1818289.090314594,/home/ma/git/learning/netvlad_templated/data/Sthereo/SNU/evening/image/stereo_left_color/1630503180168768022.png,951920.4231402909,1939326.7336794622,,,,
/home/ma/git/learning/netvlad_templated/data/Sthereo/KAIST/morning/image/stereo_left_color/1630106887793488389.png,987499.7799486629,1818290.2372707103,/home/ma/git/learning/netvlad_templated/data/Sthereo/SNU/evening/image/stereo_left_color/1630503139881831572.png,951773.6989272083,1939173.8648708765,,,,
/home/ma/git/learning/netvlad_templated/data/Sthereo/KAIST/morning/image/stereo_left_color/1630106887993353033.png,987499.1689704834,1818291.3932520663,/home/ma/git/learning/netvlad_templated/data/Sthereo/SNU/evening/image/stereo_left_color/1630503017821406486.png,951467.4962231502,1939679.01948545,,,,
/home/ma/git/learning/netvlad_templated/data/Sthereo/KAIST/morning/image/stereo_left_color/1630106888193803514.png,987498.5449778967,1818292.560305759,/home/ma/git/learning/netvlad_templated/data/Sthereo/SNU/evening/image/stereo_left_color/1630504297110397175.png,951699.8866806803,1940700.2294160249,,,,
/home/ma/git/learning/netvlad_templated/data/Sthereo/KAIST/morning/image/stereo_left_color/1630106888294270557.png,987498.0724389877,1818293.4423974815,/home/ma/git/learning/netvlad_templated/data/Sthereo/SNU/evening/image/stereo_left_color/1630503888541849485.png,951828.5218155648,1939137.036365573,,,,
/home/ma/git/learning/netvlad_templated/data/Sthereo/KAIST/morning/image/stereo_left_color/1630106888493935286.png,987497.6071058634,1818294.3387567317,/home/ma/git/learning/netvlad_templated/data/Sthereo/SNU/evening/image/stereo_left_color/1630503273938602348.png,952184.9256818282,1939898.2894180797,,,,
/home/ma/git/learning/netvlad_templated/data/Sthereo/KAIST/morning/image/stereo_left_color/1630106888593631025.png,987497.1268979462,1818295.2371064448,/home/ma/git/learning/netvlad_templated/data/Sthereo/SNU/evening/image/stereo_left_color/1630503810666462322.png,951719.648418235,1938686.7748046985,,,,
/home/ma/git/learning/netvlad_templated/data/Sthereo/KAIST/morning/image/stereo_left_color/1630106888794129546.png,987496.6493647215,1818296.1387511415,/home/ma/git/learning/netvlad_templated/data/Sthereo/SNU/evening/image/stereo_left_color/1630504339996808107.png,951618.6341098504,1940585.1241440028,,,,
/home/ma/git/learning/netvlad_templated/data/Sthereo/KAIST/morning/image/stereo_left_color/1630106888894065863.png,987496.1616418504,1818297.0500886282,/home/ma/git/learning/netvlad_templated/data/Sthereo/SNU/evening/image/stereo_left_color/1630503848254442900.png,951738.2280357905,1938896.0603895225,,,,
/home/ma/git/learning/netvlad_templated/data/Sthereo/KAIST/morning/image/stereo_left_color/1630106889094000005.png,987495.6676463459,1818297.9718763724,/home/ma/git/learning/netvlad_templated/data/Sthereo/SNU/evening/image/stereo_left_color/1630504307107305879.png,951716.698468011,1940651.6044526487,,,,
/home/ma/git/learning/netvlad_templated/data/Sthereo/KAIST/morning/image/stereo_left_color/1630106889294376689.png,987495.1854964783,1818298.9017165836,/home/ma/git/learning/netvlad_templated/data/Sthereo/SNU/evening/image/stereo_left_color/1630504103072898412.png,951985.8366814742,1940310.116645123,,,,
/home/ma/git/learning/netvlad_templated/data/Sthereo/KAIST/morning/image/stereo_left_color/1630106889394597701.png,987494.7014316625,1818299.824332998,/home/ma/git/learning/netvlad_templated/data/Sthereo/SNU/evening/image/stereo_left_color/1630504407475191533.png,951456.4104571835,1940311.8884903006,,,,
/home/ma/git/learning/netvlad_templated/data/Sthereo/KAIST/morning/image/stereo_left_color/1630106889494405410.png,987494.2001875544,1818300.7694771998,/home/ma/git/learning/netvlad_templated/data/Sthereo/SNU/evening/image/stereo_left_color/1630503861650410478.png,951769.2281129013,1938974.852810546,,,,
/home/ma/git/learning/netvlad_templated/data/Sthereo/KAIST/morning/image/stereo_left_color/1630106889694597763.png,987493.6998375993,1818301.7224024564,/home/ma/git/learning/netvlad_templated/data/Sthereo/SNU/evening/image/stereo_left_color/1630503964817113375.png,952082.972753579,1939584.4340252785,,,,
/home/ma/git/learning/netvlad_templated/data/Sthereo/KAIST/morning/image/stereo_left_color/1630106889794803221.png,987493.193789078,1818302.676427485,/home/ma/git/learning/netvlad_templated/data/Sthereo/SNU/evening/image/stereo_left_color/1630503180468753772.png,951921.7482131136,1939329.0017550923,,,,
/home/ma/git/learning/netvlad_templated/data/Sthereo/KAIST/morning/image/stereo_left_color/1630106889994846950.png,987492.6936873716,1818303.6315021205,/home/ma/git/learning/netvlad_templated/data/Sthereo/SNU/evening/image/stereo_left_color/1630504097674416133.png,951968.4127437911,1940268.0826547248,,,,
/home/ma/git/learning/netvlad_templated/data/Sthereo/KAIST/morning/image/stereo_left_color/1630106890095216256.png,987492.1887873615,1818304.5972666938,/home/ma/git/learning/netvlad_templated/data/Sthereo/SNU/evening/image/stereo_left_color/1630504220934973355.png,951804.8597738048,1940767.822122269,,,,
/home/ma/git/learning/netvlad_templated/data/Sthereo/KAIST/morning/image/stereo_left_color/1630106890295761834.png,987491.6757203334,1818305.5749284877,/home/ma/git/learning/netvlad_templated/data/Sthereo/SNU/evening/image/stereo_left_color/1630503743088482439.png,951545.4031733236,1938503.6898162432,,,,
/home/ma/git/learning/netvlad_templated/data/Sthereo/KAIST/morning/image/stereo_left_color/1630106890396118490.png,987491.1629614764,1818306.5608669007,/home/ma/git/learning/netvlad_templated/data/Sthereo/SNU/evening/image/stereo_left_color/1630503039813520905.png,951493.3837994292,1939538.7876522609,,,,
/home/ma/git/learning/netvlad_templated/data/Sthereo/KAIST/morning/image/stereo_left_color/1630106890597722595.png,987490.6461270244,1818307.5405408107,/home/ma/git/learning/netvlad_templated/data/Sthereo/SNU/evening/image/stereo_left_color/1630504133063484007.png,952015.5923258091,1940519.8314216945,,,,
/home/ma/git/learning/netvlad_templated/data/Sthereo/KAIST/morning/image/stereo_left_color/1630106890798022975.png,987490.1181634275,1818308.5284935134,/home/ma/git/learning/netvlad_templated/data/Sthereo/SNU/evening/image/stereo_left_color/1630504188345585110.png,951814.2556044017,1940665.8399407726,,,,
/home/ma/git/learning/netvlad_templated/data/Sthereo/KAIST/morning/image/stereo_left_color/1630106890898249881.png,987489.5893060322,1818309.5328740575,/home/ma/git/learning/netvlad_templated/data/Sthereo/SNU/evening/image/stereo_left_color/1630503074004588724.png,951541.7138078093,1939334.9971760237,,,,
/home/ma/git/learning/netvlad_templated/data/Sthereo/KAIST/morning/image/stereo_left_color/1630106890997878713.png,987489.046628513,1818310.526608377,/home/ma/git/learning/netvlad_templated/data/Sthereo/SNU/evening/image/stereo_left_color/1630504285814262167.png,951677.1817345199,1940750.890895352,,,,
/home/ma/git/learning/netvlad_templated/data/Sthereo/KAIST/morning/image/stereo_left_color/1630106891199753293.png,987488.5092143913,1818311.5363500863,/home/ma/git/learning/netvlad_templated/data/Sthereo/SNU/evening/image/stereo_left_color/1630503407595522097.png,951782.4093947731,1939725.7277732799,,,,
/home/ma/git/learning/netvlad_templated/data/Sthereo/KAIST/morning/image/stereo_left_color/1630106891298923936.png,987487.988346724,1818312.558426813,/home/ma/git/learning/netvlad_templated/data/Sthereo/SNU/evening/image/stereo_left_color/1630504012501676598.png,952187.5355557308,1939883.263609454,,,,
/home/ma/git/learning/netvlad_templated/data/Sthereo/KAIST/morning/image/stereo_left_color/1630106891498381403.png,987487.4539991799,1818313.572492338,/home/ma/git/learning/netvlad_templated/data/Sthereo/SNU/evening/image/stereo_left_color/1630504098474392160.png,951969.8148279112,1940273.42711118,,,,
/home/ma/git/learning/netvlad_templated/data/Sthereo/KAIST/morning/image/stereo_left_color/1630106891598596844.png,987486.9150696798,1818314.6078428102,/home/ma/git/learning/netvlad_templated/data/Sthereo/SNU/evening/image/stereo_left_color/1630504158455228958.png,951928.9312538721,1940611.7714349143,,,,
/home/ma/git/learning/netvlad_templated/data/Sthereo/KAIST/morning/image/stereo_left_color/1630106891798985458.png,987486.3643452054,1818315.6340249407,/home/ma/git/learning/netvlad_templated/data/Sthereo/SNU/evening/image/stereo_left_color/1630503123887106242.png,951719.6849693255,1939217.023954378,,,,
/home/ma/git/learning/netvlad_templated/data/Sthereo/KAIST/morning/image/stereo_left_color/1630106891899219075.png,987485.8354723314,1818316.6772175338,/home/ma/git/learning/netvlad_templated/data/Sthereo/SNU/evening/image/stereo_left_color/1630503378804855461.png,951871.4672542815,1939804.7197989642,,,,
/home/ma/git/learning/netvlad_templated/data/Sthereo/KAIST/morning/image/stereo_left_color/1630106892100112331.png,987485.2830266051,1818317.7120896834,/home/ma/git/learning/netvlad_templated/data/Sthereo/SNU/evening/image/stereo_left_color/1630504207639329325.png,951817.8572112799,1940730.152620066,,,,
/home/ma/git/learning/netvlad_templated/data/Sthereo/KAIST/morning/image/stereo_left_color/1630106892202562706.png,987484.7480960736,1818318.7690887863,/home/ma/git/learning/netvlad_templated/data/Sthereo/SNU/evening/image/stereo_left_color/1630504002305323434.png,952174.6667182154,1939823.7890195625,,,,
/home/ma/git/learning/netvlad_templated/data/Sthereo/KAIST/morning/image/stereo_left_color/1630106892402532580.png,987484.1992758709,1818319.7990307887,/home/ma/git/learning/netvlad_templated/data/Sthereo/SNU/evening/image/stereo_left_color/1630503730991885910.png,951485.4608009434,1938534.5648677493,,,,
/home/ma/git/learning/netvlad_templated/data/Sthereo/KAIST/morning/image/stereo_left_color/1630106892500345981.png,987483.607711672,1818320.8640375643,/home/ma/git/learning/netvlad_templated/data/Sthereo/SNU/evening/image/stereo_left_color/1630504100473854280.png,951975.551361824,1940288.468652844,,,,
/home/ma/git/learning/netvlad_templated/data/Sthereo/KAIST/morning/image/stereo_left_color/1630106892710598422.png,987483.0713911762,1818321.919291765,/home/ma/git/learning/netvlad_templated/data/Sthereo/SNU/evening/image/stereo_left_color/1630503133483858362.png,951746.3850716718,1939187.4369425527,,,,
/home/ma/git/learning/netvlad_templated/data/Sthereo/KAIST/morning/image/stereo_left_color/1630106892800371515.png,987482.5091500725,1818322.9921726007,/home/ma/git/learning/netvlad_templated/data/Sthereo/SNU/evening/image/stereo_left_color/1630503398502290743.png,951807.4841436817,1939756.508373702,,,,
/home/ma/git/learning/netvlad_templated/data/Sthereo/KAIST/morning/image/stereo_left_color/1630106893000203398.png,987481.9602115819,1818324.0558298207,/home/ma/git/learning/netvlad_templated/data/Sthereo/SNU/evening/image/stereo_left_color/1630504415073785106.png,951461.5403992515,1940265.3561355807,,,,
/home/ma/git/learning/netvlad_templated/data/Sthereo/KAIST/morning/image/stereo_left_color/1630106893099585014.png,987481.3604373634,1818325.111425806,/home/ma/git/learning/netvlad_templated/data/Sthereo/SNU/evening/image/stereo_left_color/1630503217256961118.png,952063.3029504024,1939556.5977572184,,,,
/home/ma/git/learning/netvlad_templated/data/Sthereo/KAIST/morning/image/stereo_left_color/1630106893300140468.png,987480.8269341886,1818326.1906796966,/home/ma/git/learning/netvlad_templated/data/Sthereo/SNU/evening/image/stereo_left_color/1630503989709293466.png,952131.3429460543,1939738.5384668794,,,,
/home/ma/git/learning/netvlad_templated/data/Sthereo/KAIST/morning/image/stereo_left_color/1630106893399944922.png,987480.2445874548,1818327.2573127686,/home/ma/git/learning/netvlad_templated/data/Sthereo/SNU/evening/image/stereo_left_color/1630504237029944741.png,951773.4124419201,1940822.6971293485,,,,
/home/ma/git/learning/netvlad_templated/data/Sthereo/KAIST/morning/image/stereo_left_color/1630106893600017395.png,987479.6696794711,1818328.3336629884,/home/ma/git/learning/netvlad_templated/data/Sthereo/SNU/evening/image/stereo_left_color/1630503180868260937.png,951923.2856325116,1939331.596218245,,,,
/home/ma/git/learning/netvlad_templated/data/Sthereo/KAIST/morning/image/stereo_left_color/1630106893800773500.png,987479.0971648005,1818329.4184376653,/home/ma/git/learning/netvlad_templated/data/Sthereo/SNU/evening/image/stereo_left_color/1630503791574622593.png,951721.0829557644,1938586.2640951741,,,,
/home/ma/git/learning/netvlad_templated/data/Sthereo/KAIST/morning/image/stereo_left_color/1630106893900884962.png,987478.5415598374,1818330.5037524286,/home/ma/git/learning/netvlad_templated/data/Sthereo/SNU/evening/image/stereo_left_color/1630503212658742450.png,952043.6959596784,1939528.494351235,,,,
/home/ma/git/learning/netvlad_templated/data/Sthereo/KAIST/morning/image/stereo_left_color/1630106894000947300.png,987477.9421451191,1818331.5820639613,/home/ma/git/learning/netvlad_templated/data/Sthereo/SNU/evening/image/stereo_left_color/1630504125565624438.png,952016.8071506376,1940462.2886801567,,,,
/home/ma/git/learning/netvlad_templated/data/Sthereo/KAIST/morning/image/stereo_left_color/1630106894200589740.png,987477.3707243263,1818332.6772505755,/home/ma/git/learning/netvlad_templated/data/Sthereo/SNU/evening/image/stereo_left_color/1630503045611548808.png,951499.5112400485,1939508.9622567205,,,,
/home/ma/git/learning/netvlad_templated/data/Sthereo/KAIST/morning/image/stereo_left_color/1630106894301566167.png,987476.7818530458,1818333.7637839923,/home/ma/git/learning/netvlad_templated/data/Sthereo/SNU/evening/image/stereo_left_color/1630504403876724415.png,951451.7534821352,1940339.5637624126,,,,
/home/ma/git/learning/netvlad_templated/data/Sthereo/KAIST/morning/image/stereo_left_color/1630106894501119409.png,987476.2002761986,1818334.8632004901,/home/ma/git/learning/netvlad_templated/data/Sthereo/SNU/evening/image/stereo_left_color/1630503072802988471.png,951539.9423370473,1939342.4453528742,,,,
/home/ma/git/learning/netvlad_templated/data/Sthereo/KAIST/morning/image/stereo_left_color/1630106894601199962.png,987475.643391552,1818335.9724577123,/home/ma/git/learning/netvlad_templated/data/Sthereo/SNU/evening/image/stereo_left_color/1630503693904446999.png,951517.6633890823,1938727.0987549066,,,,
/home/ma/git/learning/netvlad_templated/data/Sthereo/KAIST/morning/image/stereo_left_color/1630106894801470818.png,987475.0620652295,1818337.0718295581,/home/ma/git/learning/netvlad_templated/data/Sthereo/SNU/evening/image/stereo_left_color/1630504075782011625.png,951957.5091803407,1940126.4904209024,,,,
/home/ma/git/learning/netvlad_templated/data/Sthereo/KAIST/morning/image/stereo_left_color/1630106894901014787.png,987474.462599486,1818338.1625769427,/home/ma/git/learning/netvlad_templated/data/Sthereo/SNU/evening/image/stereo_left_color/1630503241149091817.png,952123.719635309,1939708.7894244187,,,,
/home/ma/git/learning/netvlad_templated/data/Sthereo/KAIST/morning/image/stereo_left_color/1630106895100770253.png,987473.8937638507,1818339.2754721534,/home/ma/git/learning/netvlad_templated/data/Sthereo/SNU/evening/image/stereo_left_color/1630502996527345887.png,951446.6382475012,1939787.8740862324,,,,
/home/ma/git/learning/netvlad_templated/data/Sthereo/KAIST/morning/image/stereo_left_color/1630106895200615652.png,987473.3091965235,1818340.392627488,/home/ma/git/learning/netvlad_templated/data/Sthereo/SNU/evening/image/stereo_left_color/1630503844658353064.png,951726.952964444,1938875.6424249155,,,,
/home/ma/git/learning/netvlad_templated/data/Sthereo/KAIST/morning/image/stereo_left_color/1630106895400893164.png,987472.750891387,1818341.5085467598,/home/ma/git/learning/netvlad_templated/data/Sthereo/SNU/evening/image/stereo_left_color/1630503591836696196.png,951565.9206160208,1939216.7572775697,,,,
/home/ma/git/learning/netvlad_templated/data/Sthereo/KAIST/morning/image/stereo_left_color/1630106895500847180.png,987472.1648856607,1818342.5980956578,/home/ma/git/learning/netvlad_templated/data/Sthereo/SNU/evening/image/stereo_left_color/1630503990509161979.png,952133.0745249894,1939744.1540407303,,,,
/home/ma/git/learning/netvlad_templated/data/Sthereo/KAIST/morning/image/stereo_left_color/1630106895701040816.png,987471.5882466007,1818343.718989892,/home/ma/git/learning/netvlad_templated/data/Sthereo/SNU/evening/image/stereo_left_color/1630504345095367250.png,951581.0654163678,1940578.5063704445,,,,
/home/ma/git/learning/netvlad_templated/data/Sthereo/KAIST/morning/image/stereo_left_color/1630106895801355719.png,987471.0175381601,1818344.8334797611,/home/ma/git/learning/netvlad_templated/data/Sthereo/SNU/evening/image/stereo_left_color/1630503399098388618.png,951805.2781144311,1939754.5867768328,,,,
/home/ma/git/learning/netvlad_templated/data/Sthereo/KAIST/morning/image/stereo_left_color/1630106896001094048.png,987470.4394570076,1818345.9427537129,/home/ma/git/learning/netvlad_templated/data/Sthereo/SNU/evening/image/stereo_left_color/1630503181168195501.png,951924.4566384737,1939333.5504280003,,,,
/home/ma/git/learning/netvlad_templated/data/Sthereo/KAIST/morning/image/stereo_left_color/1630106896101604914.png,987469.905755699,1818347.059788812,/home/ma/git/learning/netvlad_templated/data/Sthereo/SNU/evening/image/stereo_left_color/1630503868548046844.png,951781.8218085528,1939010.2301167562,,,,
/home/ma/git/learning/netvlad_templated/data/Sthereo/KAIST/morning/image/stereo_left_color/1630106896301370251.png,987469.3090748256,1818348.1590369565,/home/ma/git/learning/netvlad_templated/data/Sthereo/SNU/evening/image/stereo_left_color/1630504135363934743.png,952013.9984520106,1940533.757767929,,,,
/home/ma/git/learning/netvlad_templated/data/Sthereo/KAIST/morning/image/stereo_left_color/1630106896401492202.png,987468.7118071432,1818349.2556416076,/home/ma/git/learning/netvlad_templated/data/Sthereo/SNU/evening/image/stereo_left_color/1630503979212631404.png,952117.1239440832,1939677.89533642,,,,
/home/ma/git/learning/netvlad_templated/data/Sthereo/KAIST/morning/image/stereo_left_color/1630106896602584301.png,987468.144204464,1818350.3813303388,/home/ma/git/learning/netvlad_templated/data/Sthereo/SNU/evening/image/stereo_left_color/1630503683907432116.png,951529.1288561047,1938778.8563202543,,,,
/home/ma/git/learning/netvlad_templated/data/Sthereo/KAIST/morning/image/stereo_left_color/1630106896701713430.png,987467.5531924653,1818351.489550661,/home/ma/git/learning/netvlad_templated/data/Sthereo/SNU/evening/image/stereo_left_color/1630503083799269035.png,951556.9524314464,1939273.301079529,,,,
/home/ma/git/learning/netvlad_templated/data/Sthereo/KAIST/morning/image/stereo_left_color/1630106896902602647.png,987466.9779629359,1818352.6054194954,/home/ma/git/learning/netvlad_templated/data/Sthereo/SNU/evening/image/stereo_left_color/1630503801469819638.png,951721.7861085315,1938628.3132253597,,,,
/home/ma/git/learning/netvlad_templated/data/Sthereo/KAIST/morning/image/stereo_left_color/1630106897000676653.png,987466.3892563,1818353.7268673894,/home/ma/git/learning/netvlad_templated/data/Sthereo/SNU/evening/image/stereo_left_color/1630503083099800765.png,951555.9677743909,1939277.563347329,,,,
/home/ma/git/learning/netvlad_templated/data/Sthereo/KAIST/morning/image/stereo_left_color/1630106897202550287.png,987465.8044875046,1818354.8404762559,/home/ma/git/learning/netvlad_templated/data/Sthereo/SNU/evening/image/stereo_left_color/1630503034715003476.png,951488.6815874843,1939565.460201511,,,,
/home/ma/git/learning/netvlad_templated/data/Sthereo/KAIST/morning/image/stereo_left_color/1630106897300956632.png,987465.2174104858,1818355.9441343343,/home/ma/git/learning/netvlad_templated/data/Sthereo/SNU/evening/image/stereo_left_color/1630504101473544988.png,951979.9139821773,1940297.499714969,,,,
/home/ma/git/learning/netvlad_templated/data/Sthereo/KAIST/morning/image/stereo_left_color/1630106897500903296.png,987464.6331889058,1818357.0562860765,/home/ma/git/learning/netvlad_templated/data/Sthereo/Valley/evening/image/stereo_left_color/1630073901587744417.png,981731.8543272704,1816165.8782295967,,,,
/home/ma/git/learning/netvlad_templated/data/Sthereo/KAIST/morning/image/stereo_left_color/1630106897600880472.png,987464.0754400296,1818358.172580053,/home/ma/git/learning/netvlad_templated/data/Sthereo/Valley/evening/image/stereo_left_color/1630073834809189523.png,981432.4057029083,1816232.9099259418,,,,
/home/ma/git/learning/netvlad_templated/data/Sthereo/KAIST/morning/image/stereo_left_color/1630106897799833200.png,987463.478870201,1818359.2317710195,/home/ma/git/learning/netvlad_templated/data/Sthereo/Valley/evening/image/stereo_left_color/1630073837309075997.png,981448.7056751341,1816237.239193575,,,,
/home/ma/git/learning/netvlad_templated/data/Sthereo/KAIST/morning/image/stereo_left_color/1630106897899401642.png,987462.8785290928,1818360.3681229888,/home/ma/git/learning/netvlad_templated/data/Sthereo/Valley/evening/image/stereo_left_color/1630073744038543929.png,981700.8920461587,1816171.190151979,,,,
/home/ma/git/learning/netvlad_templated/data/Sthereo/KAIST/morning/image/stereo_left_color/1630106898099906874.png,987462.2872035726,1818361.4670865564,/home/ma/git/learning/netvlad_templated/data/Sthereo/Valley/evening/image/stereo_left_color/1630073677960869111.png,981494.9696686326,1816240.957023763,,,,
/home/ma/git/learning/netvlad_templated/data/Sthereo/KAIST/morning/image/stereo_left_color/1630106898200966503.png,987461.7225211306,1818362.5596589025,/home/ma/git/learning/netvlad_templated/data/Sthereo/Valley/evening/image/stereo_left_color/1630073827414774110.png,981386.4433998452,1816219.3476640093,,,,
/home/ma/git/learning/netvlad_templated/data/Sthereo/KAIST/morning/image/stereo_left_color/1630106898400565668.png,987461.1530968401,1818363.6800863869,/home/ma/git/learning/netvlad_templated/data/Sthereo/Valley/evening/image/stereo_left_color/1630073756235141534.png,981622.6251307115,1816185.8265717805,,,,
/home/ma/git/learning/netvlad_templated/data/Sthereo/KAIST/morning/image/stereo_left_color/1630106898500257629.png,987460.5624607642,1818364.747594784,/home/ma/git/learning/netvlad_templated/data/Sthereo/Valley/evening/image/stereo_left_color/1630073838408276343.png,981455.0079987257,1816238.5174916866,,,,
/home/ma/git/learning/netvlad_templated/data/Sthereo/KAIST/morning/image/stereo_left_color/1630106898699787332.png,987459.9649974852,1818365.8253535135,/home/ma/git/learning/netvlad_templated/data/Sthereo/Valley/evening/image/stereo_left_color/1630073834014730851.png,981427.1274081274,1816231.4283782549,,,,
/home/ma/git/learning/netvlad_templated/data/Sthereo/KAIST/morning/image/stereo_left_color/1630106898799069416.png,987459.405353883,1818366.9062696127,/home/ma/git/learning/netvlad_templated/data/Sthereo/Valley/evening/image/stereo_left_color/1630073893990763944.png,981772.7769333436,1816163.5847228654,,,,
/home/ma/git/learning/netvlad_templated/data/Sthereo/KAIST/morning/image/stereo_left_color/1630106898999410327.png,987458.8317267493,1818368.016500717,/home/ma/git/learning/netvlad_templated/data/Sthereo/Valley/evening/image/stereo_left_color/1630073714147680659.png,981727.1194217427,1816205.776450752,,,,
/home/ma/git/learning/netvlad_templated/data/Sthereo/KAIST/morning/image/stereo_left_color/1630106899102709886.png,987458.2728956835,1818369.1081574503,/home/ma/git/learning/netvlad_templated/data/Sthereo/Valley/evening/image/stereo_left_color/1630073878795145237.png,981733.5388424093,1816205.2558896854,,,,
/home/ma/git/learning/netvlad_templated/data/Sthereo/KAIST/morning/image/stereo_left_color/1630106899300983113.png,987457.6970320505,1818370.1965900667,/home/ma/git/learning/netvlad_templated/data/Sthereo/Valley/evening/image/stereo_left_color/1630073937276572173.png,981523.5945990073,1816200.5790503672,,,,
/home/ma/git/learning/netvlad_templated/data/Sthereo/KAIST/morning/image/stereo_left_color/1630106899399124961.png,987457.1617688601,1818371.2769051623,/home/ma/git/learning/netvlad_templated/data/Sthereo/Valley/evening/image/stereo_left_color/1630073645870383217.png,981315.1612862041,1816199.1715921003,,,,
/home/ma/git/learning/netvlad_templated/data/Sthereo/KAIST/morning/image/stereo_left_color/1630106899598898160.png,987456.5765366775,1818372.3663442417,/home/ma/git/learning/netvlad_templated/data/Sthereo/Valley/evening/image/stereo_left_color/1630073818614659327.png,981337.9714502937,1816212.480230628,,,,
/home/ma/git/learning/netvlad_templated/data/Sthereo/KAIST/morning/image/stereo_left_color/1630106899798523327.png,987455.9644483275,1818373.4566831803,/home/ma/git/learning/netvlad_templated/data/Sthereo/Valley/evening/image/stereo_left_color/1630073676160825297.png,981483.7478412939,1816240.4507716072,,,,
/home/ma/git/learning/netvlad_templated/data/Sthereo/KAIST/morning/image/stereo_left_color/1630106899898336942.png,987455.4356271492,1818374.5378608697,/home/ma/git/learning/netvlad_templated/data/Sthereo/Valley/evening/image/stereo_left_color/1630073962168184495.png,981383.9335707731,1816180.6228379067,,,,
/home/ma/git/learning/netvlad_templated/data/Sthereo/KAIST/morning/image/stereo_left_color/1630106899998735089.png,987454.8388397841,1818375.6137488363,/home/ma/git/learning/netvlad_templated/data/Sthereo/Valley/evening/image/stereo_left_color/1630073917882823502.png,981639.025396065,1816183.1342439547,,,,
/home/ma/git/learning/netvlad_templated/data/Sthereo/KAIST/morning/image/stereo_left_color/1630106900197464771.png,987454.3096966767,1818376.7059316912,/home/ma/git/learning/netvlad_templated/data/Sthereo/Valley/evening/image/stereo_left_color/1630073806418845457.png,981315.4166375657,1816172.4685900914,,,,
/home/ma/git/learning/netvlad_templated/data/Sthereo/KAIST/morning/image/stereo_left_color/1630106900296728777.png,987453.7660640399,1818377.7903877192,/home/ma/git/learning/netvlad_templated/data/Sthereo/Valley/evening/image/stereo_left_color/1630073945679180864.png,981474.142685955,1816189.4387261616,,,,
/home/ma/git/learning/netvlad_templated/data/Sthereo/KAIST/morning/image/stereo_left_color/1630106900496532669.png,987453.1808585183,1818378.8543858156,/home/ma/git/learning/netvlad_templated/data/Sthereo/Valley/evening/image/stereo_left_color/1630073880594560482.png,981745.7453204284,1816204.316880197,,,,
/home/ma/git/learning/netvlad_templated/data/Sthereo/KAIST/morning/image/stereo_left_color/1630106900596229867.png,987452.6502424177,1818379.912412332,/home/ma/git/learning/netvlad_templated/data/Sthereo/Valley/evening/image/stereo_left_color/1630073758034409387.png,981609.9233012239,1816187.9833786027,,,,
/home/ma/git/learning/netvlad_templated/data/Sthereo/KAIST/morning/image/stereo_left_color/1630106900795793537.png,987452.0834229059,1818380.9643608674,/home/ma/git/learning/netvlad_templated/data/Sthereo/Valley/evening/image/stereo_left_color/1630073869798039851.png,981664.9842188242,1816212.7344250446,,,,
/home/ma/git/learning/netvlad_templated/data/Sthereo/KAIST/morning/image/stereo_left_color/1630106900895388617.png,987451.5202561928,1818382.0228419015,/home/ma/git/learning/netvlad_templated/data/Sthereo/Valley/evening/image/stereo_left_color/1630073723344850641.png,981776.2392431848,1816198.2759502784,,,,
/home/ma/git/learning/netvlad_templated/data/Sthereo/KAIST/morning/image/stereo_left_color/1630106901098879248.png,987450.9850121512,1818383.0622580256,/home/ma/git/learning/netvlad_templated/data/Sthereo/Valley/evening/image/stereo_left_color/1630073833609604981.png,981424.8148593241,1816230.7584406114,,,,
/home/ma/git/learning/netvlad_templated/data/Sthereo/KAIST/morning/image/stereo_left_color/1630106901294203034.png,987450.4066155737,1818384.094880854,/home/ma/git/learning/netvlad_templated/data/Sthereo/Valley/evening/image/stereo_left_color/1630073958969309096.png,981403.3260948154,1816183.2272009004,,,,
/home/ma/git/learning/netvlad_templated/data/Sthereo/KAIST/morning/image/stereo_left_color/1630106901393940825.png,987449.8770233149,1818385.162482003,/home/ma/git/learning/netvlad_templated/data/Sthereo/Valley/evening/image/stereo_left_color/1630073963267902629.png,981376.8014834283,1816179.5436065835,,,,
/home/ma/git/learning/netvlad_templated/data/Sthereo/KAIST/morning/image/stereo_left_color/1630106901493658495.png,987449.380276845,1818386.156640183,/home/ma/git/learning/netvlad_templated/data/Sthereo/Valley/evening/image/stereo_left_color/1630073963767572436.png,981373.5573309738,1816179.040645572,,,,
/home/ma/git/learning/netvlad_templated/data/Sthereo/KAIST/morning/image/stereo_left_color/1630106901693512653.png,987448.8424839495,1818387.2072977182,/home/ma/git/learning/netvlad_templated/data/Sthereo/Valley/evening/image/stereo_left_color/1630073925580303260.png,981591.3136497806,1816191.6942855364,,,,
/home/ma/git/learning/netvlad_templated/data/Sthereo/KAIST/morning/image/stereo_left_color/1630106901793082242.png,987448.3349345478,1818388.2142566086,/home/ma/git/learning/netvlad_templated/data/Sthereo/Valley/evening/image/stereo_left_color/1630073807018042929.png,981313.3521690444,1816173.804367618,,,,
/home/ma/git/learning/netvlad_templated/data/Sthereo/KAIST/morning/image/stereo_left_color/1630106901992637523.png,987447.7714896938,1818389.184541596,/home/ma/git/learning/netvlad_templated/data/Sthereo/Valley/evening/image/stereo_left_color/1630073937876290993.png,981519.6558956704,1816200.2562420266,,,,
/home/ma/git/learning/netvlad_templated/data/Sthereo/KAIST/morning/image/stereo_left_color/1630106902191911501.png,987447.228319205,1818390.1779954499,/home/ma/git/learning/netvlad_templated/data/Sthereo/Valley/evening/image/stereo_left_color/1630073912386695541.png,981668.1763492355,1816177.2181132317,,,,
/home/ma/git/learning/netvlad_templated/data/Sthereo/KAIST/morning/image/stereo_left_color/1630106902291654420.png,987446.6919655668,1818391.1570083995,/home/ma/git/learning/netvlad_templated/data/Sthereo/Valley/evening/image/stereo_left_color/1630073883493670567.png,981763.9804220715,1816202.6819503233,,,,
/home/ma/git/learning/netvlad_templated/data/Sthereo/KAIST/morning/image/stereo_left_color/1630106902491048424.png,987446.1882175494,1818392.1607906178,/home/ma/git/learning/netvlad_templated/data/Sthereo/Valley/evening/image/stereo_left_color/1630073850706597721.png,981528.2612494725,1816241.3175134216,,,,
/home/ma/git/learning/netvlad_templated/data/Sthereo/KAIST/morning/image/stereo_left_color/1630106902590981806.png,987445.6777766339,1818393.1382740072,/home/ma/git/learning/netvlad_templated/data/Sthereo/Valley/evening/image/stereo_left_color/1630073784728026678.png,981437.9554684658,1816185.1854084092,,,,
/home/ma/git/learning/netvlad_templated/data/Sthereo/KAIST/morning/image/stereo_left_color/1630106902790790390.png,987445.1566192204,1818394.0844762418,/home/ma/git/learning/netvlad_templated/data/Sthereo/Valley/evening/image/stereo_left_color/1630073724544229112.png,981779.6394463913,1816194.9499616388,,,,
/home/ma/git/learning/netvlad_templated/data/Sthereo/KAIST/morning/image/stereo_left_color/1630106902890245123.png,987444.6421865469,1818395.0072052793,/home/ma/git/learning/netvlad_templated/data/Sthereo/Valley/evening/image/stereo_left_color/1630073878495370571.png,981731.4829565273,1816205.4246311053,,,,
/home/ma/git/learning/netvlad_templated/data/Sthereo/KAIST/morning/image/stereo_left_color/1630106903090388301.png,987444.1741215094,1818395.932814059,/home/ma/git/learning/netvlad_templated/data/Sthereo/Valley/evening/image/stereo_left_color/1630073664464265680.png,981410.5826982594,1816226.7544386412,,,,
/home/ma/git/learning/netvlad_templated/data/Sthereo/KAIST/morning/image/stereo_left_color/1630106903190018060.png,987443.6668543443,1818396.830352208,/home/ma/git/learning/netvlad_templated/data/Sthereo/Valley/evening/image/stereo_left_color/1630073967866385683.png,981348.4173329845,1816174.9323054226,,,,
/home/ma/git/learning/netvlad_templated/data/Sthereo/KAIST/morning/image/stereo_left_color/1630106903389906545.png,987443.1941333276,1818397.7170007436,/home/ma/git/learning/netvlad_templated/data/Sthereo/Valley/evening/image/stereo_left_color/1630073904986712744.png,981710.1825556937,1816169.6984323387,,,,
/home/ma/git/learning/netvlad_templated/data/Sthereo/KAIST/morning/image/stereo_left_color/1630106903589549378.png,987442.5844243041,1818398.8648538715,/home/ma/git/learning/netvlad_templated/data/Sthereo/Valley/evening/image/stereo_left_color/1630073709549296305.png,981696.7509710846,1816208.7727477457,,,,
/home/ma/git/learning/netvlad_templated/data/Sthereo/KAIST/morning/image/stereo_left_color/1630106903788965461.png,987441.9869624729,1818399.981724083,/home/ma/git/learning/netvlad_templated/data/Sthereo/Valley/evening/image/stereo_left_color/1630073831609786921.png,981411.5396973429,1816226.8056282075,,,,
/home/ma/git/learning/netvlad_templated/data/Sthereo/KAIST/morning/image/stereo_left_color/1630106903988639899.png,987441.3951549586,1818401.051570488,/home/ma/git/learning/netvlad_templated/data/Sthereo/Valley/evening/image/stereo_left_color/1630073870297777817.png,981668.3681186886,1816212.246203404,,,,
/home/ma/git/learning/netvlad_templated/data/Sthereo/KAIST/morning/image/stereo_left_color/1630106904188545055.png,987440.8479988792,1818402.0983942824,/home/ma/git/learning/netvlad_templated/data/Sthereo/Valley/evening/image/stereo_left_color/1630073827011951545.png,981384.0787680491,1816218.6916281283,,,,
/home/ma/git/learning/netvlad_templated/data/Sthereo/KAIST/morning/image/stereo_left_color/1630106904389128706.png,987440.3139334577,1818403.0811246587,/home/ma/git/learning/netvlad_templated/data/Sthereo/Valley/evening/image/stereo_left_color/1630073879595265050.png,981738.619795922,1816204.8540558014,,,,
/home/ma/git/learning/netvlad_templated/data/Sthereo/KAIST/morning/image/stereo_left_color/1630106904587552043.png,987439.7928456896,1818404.0373744937,/home/ma/git/learning/netvlad_templated/data/Sthereo/Valley/evening/image/stereo_left_color/1630073711448896811.png,981710.3031957002,1816207.4193266414,,,,
/home/ma/git/learning/netvlad_templated/data/Sthereo/KAIST/morning/image/stereo_left_color/1630106904787667500.png,987439.3170969146,1818404.9850594513,/home/ma/git/learning/netvlad_templated/data/Sthereo/Valley/evening/image/stereo_left_color/1630073909885442996.png,981682.7671361025,1816174.4813598846,,,,
/home/ma/git/learning/netvlad_templated/data/Sthereo/KAIST/morning/image/stereo_left_color/1630106904987404433.png,987438.8167851819,1818405.8807786237,/home/ma/git/learning/netvlad_templated/data/Sthereo/Valley/evening/image/stereo_left_color/1630073901288211954.png,981733.9259682873,1816165.489124115,,,,
/home/ma/git/learning/netvlad_templated/data/Sthereo/KAIST/morning/image/stereo_left_color/1630106905187664195.png,987438.2441709202,1818406.946171494,/home/ma/git/learning/netvlad_templated/data/Sthereo/Valley/evening/image/stereo_left_color/1630073953870905538.png,981431.8015622529,1816184.9960065198,,,,
/home/ma/git/learning/netvlad_templated/data/Sthereo/KAIST/morning/image/stereo_left_color/1630106905387164249.png,987437.7767307506,1818407.8878280031,/home/ma/git/learning/netvlad_templated/data/Sthereo/Valley/evening/image/stereo_left_color/1630073912184694161.png,981669.8301974421,1816176.8961179382,,,,
/home/ma/git/learning/netvlad_templated/data/Sthereo/KAIST/morning/image/stereo_left_color/1630106905586810292.png,987437.2163924708,1818408.8230909524,/home/ma/git/learning/netvlad_templated/data/Sthereo/Valley/evening/image/stereo_left_color/1630073698553465001.png,981620.7797765565,1816219.4129671354,,,,
/home/ma/git/learning/netvlad_templated/data/Sthereo/KAIST/morning/image/stereo_left_color/1630106905786730488.png,987436.7495846492,1818409.7528224273,/home/ma/git/learning/netvlad_templated/data/Sthereo/Valley/evening/image/stereo_left_color/1630073916683102769.png,981645.4052526957,1816181.848772327,,,,
/home/ma/git/learning/netvlad_templated/data/Sthereo/KAIST/morning/image/stereo_left_color/1630106906089562136.png,987436.1582980229,1818410.835701847,/home/ma/git/learning/netvlad_templated/data/Sthereo/Valley/evening/image/stereo_left_color/1630073961168433848.png,981389.9665950403,1816181.493227649,,,,
/home/ma/git/learning/netvlad_templated/data/Sthereo/KAIST/morning/image/stereo_left_color/1630106906286080369.png,987435.6972060571,1818411.7396932524,/home/ma/git/learning/netvlad_templated/data/Sthereo/Valley/evening/image/stereo_left_color/1630073640771171651.png,981307.7632103252,1816184.528936161,,,,
/home/ma/git/learning/netvlad_templated/data/Sthereo/KAIST/morning/image/stereo_left_color/1630106906485648258.png,987435.2011916152,1818412.6867235787,/home/ma/git/learning/netvlad_templated/data/Sthereo/Valley/evening/image/stereo_left_color/1630073646369922067.png,981317.1126430895,1816200.48551431,,,,
/home/ma/git/learning/netvlad_templated/data/Sthereo/KAIST/morning/image/stereo_left_color/1630106906685802230.png,987434.6688504792,1818413.6076380182,/home/ma/git/learning/netvlad_templated/data/Sthereo/Valley/evening/image/stereo_left_color/1630073847907868764.png,981512.7787072195,1816241.5739750154,,,,
/home/ma/git/learning/netvlad_templated/data/Sthereo/KAIST/morning/image/stereo_left_color/1630106906885675752.png,987434.1825868783,1818414.5885288313,/home/ma/git/learning/netvlad_templated/data/Sthereo/Valley/evening/image/stereo_left_color/1630073784327402879.png,981440.5358428963,1816185.287774112,,,,
/home/ma/git/learning/netvlad_templated/data/Sthereo/KAIST/morning/image/stereo_left_color/1630106907085247623.png,987433.6719338857,1818415.5356005435,/home/ma/git/learning/netvlad_templated/data/Sthereo/Valley/evening/image/stereo_left_color/1630073934976983182.png,981538.4166557561,1816200.3044699659,,,,
/home/ma/git/learning/netvlad_templated/data/Sthereo/KAIST/morning/image/stereo_left_color/1630106907285120151.png,987433.1273166136,1818416.5011138422,/home/ma/git/learning/netvlad_templated/data/Sthereo/Valley/evening/image/stereo_left_color/1630073913483900555.png,981662.7734556259,1816178.2773845824,,,,
/home/ma/git/learning/netvlad_templated/data/Sthereo/KAIST/morning/image/stereo_left_color/1630106907484985547.png,987432.647751235,1818417.5270239823,/home/ma/git/learning/netvlad_templated/data/Sthereo/Valley/evening/image/stereo_left_color/1630073914584003099.png,981656.6379620356,1816179.5109300613,,,,
/home/ma/git/learning/netvlad_templated/data/Sthereo/KAIST/morning/image/stereo_left_color/1630106907684930357.png,987432.0632474745,1818418.5543027762,/home/ma/git/learning/netvlad_templated/data/Sthereo/Valley/evening/image/stereo_left_color/1630073896089418630.png,981764.8655542417,1816159.8769741082,,,,
/home/ma/git/learning/netvlad_templated/data/Sthereo/KAIST/morning/image/stereo_left_color/1630106907884977048.png,987431.5015871226,1818419.6131967362,/home/ma/git/learning/netvlad_templated/data/Sthereo/Valley/evening/image/stereo_left_color/1630073871597376471.png,981678.4435926109,1816210.852637368,,,,
/home/ma/git/learning/netvlad_templated/data/Sthereo/KAIST/morning/image/stereo_left_color/1630106908084525390.png,987430.9235463482,1818420.714327283,/home/ma/git/learning/netvlad_templated/data/Sthereo/Valley/evening/image/stereo_left_color/1630073677559414769.png,981492.2641454574,1816240.8329738425,,,,
/home/ma/git/learning/netvlad_templated/data/Sthereo/KAIST/morning/image/stereo_left_color/1630106908284647964.png,987430.2851005623,1818421.810803965,/home/ma/git/learning/netvlad_templated/data/Sthereo/Valley/evening/image/stereo_left_color/1630073658765828267.png,981377.7360093866,1816217.2666447842,,,,
/home/ma/git/learning/netvlad_templated/data/Sthereo/KAIST/morning/image/stereo_left_color/1630106908484597948.png,987429.6629482493,1818422.9787642597,/home/ma/git/learning/netvlad_templated/data/Sthereo/Valley/evening/image/stereo_left_color/1630073783825341509.png,981443.7393819056,1816185.4308914733,,,,
/home/ma/git/learning/netvlad_templated/data/Sthereo/KAIST/morning/image/stereo_left_color/1630106908584790753.png,987429.1825626574,1818423.8771736918,/home/ma/git/learning/netvlad_templated/data/Sthereo/Valley/evening/image/stereo_left_color/1630073906086008324.png,981704.4563075973,1816170.6546725102,,,,
/home/ma/git/learning/netvlad_templated/data/Sthereo/KAIST/morning/image/stereo_left_color/1630106908784779968.png,987428.6909477304,1818424.7882358115,/home/ma/git/learning/netvlad_templated/data/Sthereo/Valley/evening/image/stereo_left_color/1630073666764141253.png,981424.7489126745,1816231.0241719177,,,,
/home/ma/git/learning/netvlad_templated/data/Sthereo/KAIST/morning/image/stereo_left_color/1630106908884242844.png,987428.187421778,1818425.7230993323,/home/ma/git/learning/netvlad_templated/data/Sthereo/Valley/evening/image/stereo_left_color/1630073766331210788.png,981554.5715157486,1816198.0539811605,,,,
/home/ma/git/learning/netvlad_templated/data/Sthereo/KAIST/morning/image/stereo_left_color/1630106909084370385.png,987427.6783314095,1818426.6654859944,/home/ma/git/learning/netvlad_templated/data/Sthereo/Valley/evening/image/stereo_left_color/1630073746137459984.png,981687.8862979352,1816173.3202905876,,,,
/home/ma/git/learning/netvlad_templated/data/Sthereo/KAIST/morning/image/stereo_left_color/1630106909184233909.png,987427.1682421338,1818427.6284236494,/home/ma/git/learning/netvlad_templated/data/Sthereo/Valley/evening/image/stereo_left_color/1630073836510788989.png,981443.6107623732,1816235.930348103,,,,
/home/ma/git/learning/netvlad_templated/data/Sthereo/KAIST/morning/image/stereo_left_color/1630106909384310631.png,987426.6417324742,1818428.6043299348,/home/ma/git/learning/netvlad_templated/data/Sthereo/Valley/evening/image/stereo_left_color/1630073765432926033.png,981561.0904861776,1816196.8510141175,,,,
/home/ma/git/learning/netvlad_templated/data/Sthereo/KAIST/morning/image/stereo_left_color/1630106909484484543.png,987426.107958135,1818429.5943484232,/home/ma/git/learning/netvlad_templated/data/Sthereo/Valley/evening/image/stereo_left_color/1630073761933078391.png,981583.0355820105,1816192.8138673718,,,,
/home/ma/git/learning/netvlad_templated/data/Sthereo/KAIST/morning/image/stereo_left_color/1630106909683855054.png,987425.5823890705,1818430.5925388485,/home/ma/git/learning/netvlad_templated/data/Sthereo/Valley/evening/image/stereo_left_color/1630073820413818330.png,981348.3818126051,1816214.7696608673,,,,
/home/ma/git/learning/netvlad_templated/data/Sthereo/KAIST/morning/image/stereo_left_color/1630106909783513947.png,987425.0546623404,1818431.5979368726,/home/ma/git/learning/netvlad_templated/data/Sthereo/Valley/evening/image/stereo_left_color/1630073929079196817.png,981572.6984503128,1816194.871316522,,,,
/home/ma/git/learning/netvlad_templated/data/Sthereo/KAIST/morning/image/stereo_left_color/1630106909983646228.png,987424.5152819805,1818432.609216395,/home/ma/git/learning/netvlad_templated/data/Sthereo/Valley/evening/image/stereo_left_color/1630073839707637115.png,981462.2273920149,1816239.3047415428,,,,
/home/ma/git/learning/netvlad_templated/data/Sthereo/KAIST/morning/image/stereo_left_color/1630106910083755551.png,987423.9683930257,1818433.6125149333,/home/ma/git/learning/netvlad_templated/data/Sthereo/Valley/evening/image/stereo_left_color/1630073708549537362.png,981689.5912090983,1816209.5591792257,,,,
/home/ma/git/learning/netvlad_templated/data/Sthereo/KAIST/morning/image/stereo_left_color/1630106910283236615.png,987423.4242868428,1818434.6427680613,/home/ma/git/learning/netvlad_templated/data/Sthereo/Valley/evening/image/stereo_left_color/1630073973070767170.png,981327.0080778832,1816171.7971393461,,,,
/home/ma/git/learning/netvlad_templated/data/Sthereo/KAIST/morning/image/stereo_left_color/1630106910383392215.png,987422.8713839434,1818435.6632706542,/home/ma/git/learning/netvlad_templated/data/Sthereo/Valley/evening/image/stereo_left_color/1630073836608729434.png,981444.5872606724,1816236.1899739401,,,,
/home/ma/git/learning/netvlad_templated/data/Sthereo/KAIST/morning/image/stereo_left_color/1630106910582884334.png,987422.326050473,1818436.690233462,/home/ma/git/learning/netvlad_templated/data/Sthereo/Valley/evening/image/stereo_left_color/1630073746637808473.png,981684.7740680088,1816173.8628910384,,,,
/home/ma/git/learning/netvlad_templated/data/Sthereo/KAIST/morning/image/stereo_left_color/1630106910682710947.png,987421.7785783921,1818437.7300808614,/home/ma/git/learning/netvlad_templated/data/Sthereo/Valley/evening/image/stereo_left_color/1630073884398726369.png,981768.117738502,1816201.8719206841,,,,
/home/ma/git/learning/netvlad_templated/data/Sthereo/KAIST/morning/image/stereo_left_color/1630106910882932981.png,987421.24297572,1818438.7475967007,/home/ma/git/learning/netvlad_templated/data/Sthereo/Valley/evening/image/stereo_left_color/1630073882594163783.png,981758.8824430336,1816203.2658823535,,,,
/home/ma/git/learning/netvlad_templated/data/Sthereo/KAIST/morning/image/stereo_left_color/1630106910982737838.png,987420.6973955967,1818439.7700210293,/home/ma/git/learning/netvlad_templated/data/Sthereo/Valley/evening/image/stereo_left_color/1630073663564355602.png,981404.9062717378,1816225.0096317495,,,,
/home/ma/git/learning/netvlad_templated/data/Sthereo/KAIST/morning/image/stereo_left_color/1630106911183208175.png,987420.1663308914,1818440.7323031062,/home/ma/git/learning/netvlad_templated/data/Sthereo/Valley/evening/image/stereo_left_color/1630073687256605912.png,981546.466304986,1816237.0604013596,,,,
/home/ma/git/learning/netvlad_templated/data/Sthereo/KAIST/morning/image/stereo_left_color/1630106911285569731.png,987419.6451499804,1818441.7495351296,/home/ma/git/learning/netvlad_templated/data/Sthereo/Valley/evening/image/stereo_left_color/1630073657166005300.png,981369.3878033599,1816215.976963708,,,,
/home/ma/git/learning/netvlad_templated/data/Sthereo/KAIST/morning/image/stereo_left_color/1630106911482908200.png,987419.0876571722,1818442.8128507838,/home/ma/git/learning/netvlad_templated/data/Sthereo/Valley/evening/image/stereo_left_color/1630073744538505429.png,981697.3691477196,1816171.7610826986,,,,
/home/ma/git/learning/netvlad_templated/data/Sthereo/KAIST/morning/image/stereo_left_color/1630106911582948853.png,987418.5573853819,1818443.8307594543,/home/ma/git/learning/netvlad_templated/data/Sthereo/Valley/evening/image/stereo_left_color/1630073940975642491.png,981499.7642637698,1816196.1094221997,,,,
/home/ma/git/learning/netvlad_templated/data/Sthereo/KAIST/morning/image/stereo_left_color/1630106911783129206.png,987418.0648702479,1818444.777501756,/home/ma/git/learning/netvlad_templated/data/Sthereo/Valley/evening/image/stereo_left_color/1630073868398514987.png,981654.5933614357,1816214.2332005152,,,,
/home/ma/git/learning/netvlad_templated/data/Sthereo/KAIST/morning/image/stereo_left_color/1630106911882950931.png,987417.5611799662,1818445.774620328,/home/ma/git/learning/netvlad_templated/data/Sthereo/Valley/evening/image/stereo_left_color/1630073657766363125.png,981372.4682313314,1816216.3940812792,,,,
/home/ma/git/learning/netvlad_templated/data/Sthereo/KAIST/morning/image/stereo_left_color/1630106912082840231.png,987416.9725668862,1818446.8155485552,/home/ma/git/learning/netvlad_templated/data/Sthereo/Valley/evening/image/stereo_left_color/1630073645870383217.png,981315.3520200311,1816199.3024877862,,,,
/home/ma/git/learning/netvlad_templated/data/Sthereo/KAIST/morning/image/stereo_left_color/1630106912182830681.png,987416.4322425057,1818447.8290318015,/home/ma/git/learning/netvlad_templated/data/Sthereo/Valley/evening/image/stereo_left_color/1630073821414721217.png,981353.490522954,1816215.0715845644,,,,
/home/ma/git/learning/netvlad_templated/data/Sthereo/KAIST/morning/image/stereo_left_color/1630106912383005916.png,987415.9126526844,1818448.8245142736,/home/ma/git/learning/netvlad_templated/data/Sthereo/Valley/evening/image/stereo_left_color/1630073706850434008.png,981677.1167173912,1816211.0154297736,,,,
/home/ma/git/learning/netvlad_templated/data/Sthereo/KAIST/morning/image/stereo_left_color/1630106912483291970.png,987415.384585831,1818449.8516564518,/home/ma/git/learning/netvlad_templated/data/Sthereo/Valley/evening/image/stereo_left_color/1630073779427893298.png,981469.05672465,1816188.2727912762,,,,
/home/ma/git/learning/netvlad_templated/data/Sthereo/KAIST/morning/image/stereo_left_color/1630106912682649557.png,987414.8534268951,1818450.8493554639,/home/ma/git/learning/netvlad_templated/data/Sthereo/Valley/evening/image/stereo_left_color/1630073869297912379.png,981660.9456292964,1816213.3169521648,,,,
/home/ma/git/learning/netvlad_templated/data/Sthereo/KAIST/morning/image/stereo_left_color/1630106912782703771.png,987414.317337141,1818451.8510282952,/home/ma/git/learning/netvlad_templated/data/Sthereo/Valley/evening/image/stereo_left_color/1630073754835224496.png,981633.0509156488,1816184.020023802,,,,
/home/ma/git/learning/netvlad_templated/data/Sthereo/KAIST/morning/image/stereo_left_color/1630106912982695476.png,987413.787335327,1818452.866292489,/home/ma/git/learning/netvlad_templated/data/Sthereo/Valley/evening/image/stereo_left_color/1630073756634317974.png,981620.0839372695,1816186.252415904,,,,
/home/ma/git/learning/netvlad_templated/data/Sthereo/KAIST/morning/image/stereo_left_color/1630106913082599212.png,987413.2680702286,1818453.8803941088,/home/ma/git/learning/netvlad_templated/data/Sthereo/Valley/evening/image/stereo_left_color/1630073880094659252.png,981742.0067830996,1816204.5960117602,,,,
/home/ma/git/learning/netvlad_templated/data/Sthereo/KAIST/morning/image/stereo_left_color/1630106913283159045.png,987412.7437647226,1818454.8885365976,/home/ma/git/learning/netvlad_templated/data/Sthereo/Valley/evening/image/stereo_left_color/1630073881194370088.png,981749.4647904884,1816204.039882497,,,,
/home/ma/git/learning/netvlad_templated/data/Sthereo/KAIST/morning/image/stereo_left_color/1630106913382619223.png,987412.2032244068,1818455.8996733166,/home/ma/git/learning/netvlad_templated/data/Sthereo/Valley/evening/image/stereo_left_color/1630073866598969707.png,981643.1329803456,1816215.8803033344,,,,
/home/ma/git/learning/netvlad_templated/data/Sthereo/KAIST/morning/image/stereo_left_color/1630106913582463115.png,987411.6779311416,1818456.9020804013,/home/ma/git/learning/netvlad_templated/data/Sthereo/Valley/evening/image/stereo_left_color/1630073869400461337.png,981662.036533823,1816213.159928862,,,,
/home/ma/git/learning/netvlad_templated/data/Sthereo/KAIST/morning/image/stereo_left_color/1630106913682866072.png,987411.1649855821,1818457.9173265265,/home/ma/git/learning/netvlad_templated/data/Sthereo/Valley/evening/image/stereo_left_color/1630073710149494361.png,981700.9821765048,1816208.3246270907,,,,